year,Rep,Site,season,Date,Microsite,Pit,,shrub species
2023,1,Tecopa,spring,2023-04-11,shrub,,,
2023,1,Tecopa,spring,2023-04-11,open,,,
2023,2,Tecopa,spring,2023-04-11,shrub,,,
2023,2,Tecopa,spring,2023-04-11,open,,,
2023,3,Tecopa,spring,2023-04-11,shrub,,,
2023,3,Tecopa,spring,2023-04-11,open,,,
2023,4,Tecopa,spring,2023-04-11,shrub,y,,
2023,4,Tecopa,spring,2023-04-11,open,y,,
2023,5,Tecopa,spring,2023-04-11,shrub,y,,
2023,5,Tecopa,spring,2023-04-11,open,y,,
2023,6,Tecopa,spring,2023-04-11,shrub,,,
2023,6,Tecopa,spring,2023-04-11,open,,,
2023,7,Tecopa,spring,2023-04-11,shrub,,,
2023,7,Tecopa,spring,2023-04-11,open,,,
2023,8,Tecopa,spring,2023-04-11,shrub,,,
2023,8,Tecopa,spring,2023-04-11,open,,,
2023,9,Tecopa,spring,2023-04-11,shrub,y,,
2023,9,Tecopa,spring,2023-04-11,open,y,,
2023,10,Tecopa,spring,2023-04-11,shrub,y,,
2023,10,Tecopa,spring,2023-04-11,open,y,,
2023,11,Tecopa,spring,2023-04-11,shrub,,,
2023,11,Tecopa,spring,2023-04-11,open,,,
2023,12,Tecopa,spring,2023-04-11,shrub,,,
2023,12,Tecopa,spring,2023-04-11,open,,,
2023,13,Tecopa,spring,2023-04-11,shrub,,,
2023,13,Tecopa,spring,2023-04-11,open,,,
2023,14,Tecopa,spring,2023-04-11,shrub,y,,
2023,14,Tecopa,spring,2023-04-11,open,y,,
2023,15,Tecopa,spring,2023-04-11,shrub,y,,
2023,15,Tecopa,spring,2023-04-11,open,y,,
2023,16,Tecopa,spring,2023-04-11,shrub,,,
2023,16,Tecopa,spring,2023-04-11,open,,,
2023,17,Tecopa,spring,2023-04-11,shrub,,,
2023,17,Tecopa,spring,2023-04-11,open,,,
2023,18,Tecopa,spring,2023-04-11,shrub,,,
2023,18,Tecopa,spring,2023-04-11,open,,,
2023,19,Tecopa,spring,2023-04-11,shrub,y,,
2023,19,Tecopa,spring,2023-04-11,open,y,,
2023,20,Tecopa,spring,2023-04-11,shrub,y,,
2023,20,Tecopa,spring,2023-04-11,open,y,,
2023,21,Tecopa,spring,2023-04-11,shrub,,,
2023,21,Tecopa,spring,2023-04-11,open,,,
2023,22,Tecopa,spring,2023-04-11,shrub,,,
2023,22,Tecopa,spring,2023-04-11,open,,,
2023,23,Tecopa,spring,2023-04-11,shrub,,,
2023,23,Tecopa,spring,2023-04-11,open,,,
2023,24,Tecopa,spring,2023-04-11,shrub,y,,
2023,24,Tecopa,spring,2023-04-11,open,y,,
2023,25,Tecopa,spring,2023-04-11,shrub,y,,
2023,25,Tecopa,spring,2023-04-11,open,y,,
2023,26,Tecopa,spring,2023-04-11,shrub,,,
2023,26,Tecopa,spring,2023-04-11,open,,,
2023,27,Tecopa,spring,2023-04-11,shrub,,,
2023,27,Tecopa,spring,2023-04-11,open,,,
2023,28,Tecopa,spring,2023-04-11,shrub,,,
2023,28,Tecopa,spring,2023-04-11,open,,,
2023,29,Tecopa,spring,2023-04-11,shrub,y,,
2023,29,Tecopa,spring,2023-04-11,open,y,,
2023,30,Tecopa,spring,2023-04-11,shrub,y,,
2023,30,Tecopa,spring,2023-04-11,open,y,,
2023,1,Barstow,spring,2023-04-15,shrub,,,
2023,1,Barstow,spring,2023-04-15,open,,,
2023,2,Barstow,spring,2023-04-15,shrub,,,
2023,2,Barstow,spring,2023-04-15,open,,,
2023,3,Barstow,spring,2023-04-15,shrub,,,
2023,3,Barstow,spring,2023-04-15,open,,,
2023,4,Barstow,spring,2023-04-15,shrub,y,,
2023,4,Barstow,spring,2023-04-15,open,y,,
2023,5,Barstow,spring,2023-04-15,shrub,y,,
2023,5,Barstow,spring,2023-04-15,open,y,,
2023,6,Barstow,spring,2023-04-15,shrub,,,
2023,6,Barstow,spring,2023-04-15,open,,,
2023,7,Barstow,spring,2023-04-15,shrub,,,
2023,7,Barstow,spring,2023-04-15,open,,,
2023,8,Barstow,spring,2023-04-15,shrub,,,
2023,8,Barstow,spring,2023-04-15,open,,,
2023,9,Barstow,spring,2023-04-15,shrub,y,,
2023,9,Barstow,spring,2023-04-15,open,y,,
2023,10,Barstow,spring,2023-04-15,shrub,y,,
2023,10,Barstow,spring,2023-04-15,open,y,,
2023,11,Barstow,spring,2023-04-15,shrub,,,
2023,11,Barstow,spring,2023-04-15,open,,,
2023,12,Barstow,spring,2023-04-15,shrub,,,
2023,12,Barstow,spring,2023-04-15,open,,,
2023,13,Barstow,spring,2023-04-15,shrub,,,
2023,13,Barstow,spring,2023-04-15,open,,,
2023,14,Barstow,spring,2023-04-15,shrub,y,,
2023,14,Barstow,spring,2023-04-15,open,y,,
2023,15,Barstow,spring,2023-04-15,shrub,y,,
2023,15,Barstow,spring,2023-04-15,open,y,,
2023,16,Barstow,spring,2023-04-15,shrub,,,
2023,16,Barstow,spring,2023-04-15,open,,,
2023,17,Barstow,spring,2023-04-15,shrub,,,
2023,17,Barstow,spring,2023-04-15,open,,,
2023,18,Barstow,spring,2023-04-15,shrub,,,
2023,18,Barstow,spring,2023-04-15,open,,,
2023,19,Barstow,spring,2023-04-15,shrub,y,,
2023,19,Barstow,spring,2023-04-15,open,y,,
2023,20,Barstow,spring,2023-04-15,shrub,y,,
2023,20,Barstow,spring,2023-04-15,open,y,,
2023,21,Barstow,spring,2023-04-15,shrub,,,
2023,21,Barstow,spring,2023-04-15,open,,,
2023,22,Barstow,spring,2023-04-15,shrub,,,
2023,22,Barstow,spring,2023-04-15,open,,,
2023,23,Barstow,spring,2023-04-15,shrub,y,,
2023,23,Barstow,spring,2023-04-15,open,y,,
2023,24,Barstow,spring,2023-04-15,shrub,y,,
2023,24,Barstow,spring,2023-04-15,open,y,,
2023,25,Barstow,spring,2023-04-15,shrub,,,
2023,25,Barstow,spring,2023-04-15,open,,,
2023,26,Barstow,spring,2023-04-15,shrub,,,
2023,26,Barstow,spring,2023-04-15,open,,,
2023,27,Barstow,spring,2023-04-15,shrub,,,
2023,27,Barstow,spring,2023-04-15,open,,,
2023,28,Barstow,spring,2023-04-15,shrub,,,
2023,28,Barstow,spring,2023-04-15,open,,,
2023,29,Barstow,spring,2023-04-15,shrub,y,,
2023,29,Barstow,spring,2023-04-15,open,y,,
2023,30,Barstow,spring,2023-04-15,shrub,y,,
2023,30,Barstow,spring,2023-04-15,open,y,,
2023,1,Cuyama 1,spring,2023-04-28,shrub,s,,
2023,1,Cuyama 1,spring,2023-04-28,open,s,,
2023,2,Cuyama 1,spring,2023-04-28,shrub,m,,
2023,2,Cuyama 1,spring,2023-04-28,open,m,,
2023,3,Cuyama 1,spring,2023-04-28,shrub,l,,
2023,3,Cuyama 1,spring,2023-04-28,open,l,,
2023,4,Cuyama 1,spring,2023-04-28,shrub,y,,
2023,4,Cuyama 1,spring,2023-04-28,open,y,,
2023,5,Cuyama 1,spring,2023-04-28,shrub,y,,
2023,5,Cuyama 1,spring,2023-04-28,open,y,,
2023,6,Cuyama 1,spring,2023-04-28,shrub,m,,
2023,6,Cuyama 1,spring,2023-04-28,open,m,,
2023,7,Cuyama 1,spring,2023-04-28,shrub,s,,
2023,7,Cuyama 1,spring,2023-04-28,open,s,,
2023,8,Cuyama 1,spring,2023-04-28,shrub,l,,
2023,8,Cuyama 1,spring,2023-04-28,open,l,,
2023,9,Cuyama 1,spring,2023-04-28,shrub,y,,
2023,9,Cuyama 1,spring,2023-04-28,open,y,,
2023,10,Cuyama 1,spring,2023-04-28,shrub,y,,
2023,10,Cuyama 1,spring,2023-04-28,open,y,,
2023,11,Cuyama 1,spring,2023-04-28,shrub,,,
2023,11,Cuyama 1,spring,2023-04-28,open,,,
2023,12,Cuyama 1,spring,2023-04-28,shrub,,,
2023,12,Cuyama 1,spring,2023-04-28,open,,,
2023,13,Cuyama 1,spring,2023-04-28,shrub,,,
2023,13,Cuyama 1,spring,2023-04-28,open,,,
2023,14,Cuyama 1,spring,2023-04-28,shrub,y,,
2023,14,Cuyama 1,spring,2023-04-28,open,y,,
2023,15,Cuyama 1,spring,2023-04-28,shrub,y,,
2023,15,Cuyama 1,spring,2023-04-28,open,y,,
2023,16,Cuyama 1,spring,2023-04-28,shrub,,,
2023,16,Cuyama 1,spring,2023-04-28,open,,,
2023,17,Cuyama 1,spring,2023-04-28,shrub,,,
2023,17,Cuyama 1,spring,2023-04-28,open,,,
2023,18,Cuyama 1,spring,2023-04-28,shrub,,,
2023,18,Cuyama 1,spring,2023-04-28,open,,,
2023,19,Cuyama 1,spring,2023-04-28,shrub,y,,
2023,19,Cuyama 1,spring,2023-04-28,open,y,,
2023,20,Cuyama 1,spring,2023-04-28,shrub,y,,
2023,20,Cuyama 1,spring,2023-04-28,open,y,,
2023,21,Cuyama 1,spring,2023-04-28,shrub,,,
2023,21,Cuyama 1,spring,2023-04-28,open,,,
2023,22,Cuyama 1,spring,2023-04-28,shrub,,,
2023,22,Cuyama 1,spring,2023-04-28,open,,,
2023,23,Cuyama 1,spring,2023-04-28,shrub,,,
2023,23,Cuyama 1,spring,2023-04-28,open,,,
2023,24,Cuyama 1,spring,2023-04-28,shrub,y,,
2023,24,Cuyama 1,spring,2023-04-28,open,y,,
2023,25,Cuyama 1,spring,2023-04-28,shrub,y,,
2023,25,Cuyama 1,spring,2023-04-28,open,y,,
2023,26,Cuyama 1,spring,2023-04-28,shrub,,,
2023,26,Cuyama 1,spring,2023-04-28,open,,,
2023,27,Cuyama 1,spring,2023-04-28,shrub,,,
2023,27,Cuyama 1,spring,2023-04-28,open,,,
2023,28,Cuyama 1,spring,2023-04-28,shrub,,,
2023,28,Cuyama 1,spring,2023-04-28,open,,,
2023,29,Cuyama 1,spring,2023-04-28,shrub,y,,
2023,29,Cuyama 1,spring,2023-04-28,open,y,,
2023,30,Cuyama 1,spring,2023-04-28,shrub,y,,
2023,30,Cuyama 1,spring,2023-04-28,open,y,,
2023,1,Cuyama 2,spring,2023-04-28,shrub,,,
2023,1,Cuyama 2,spring,2023-04-28,open,,,
2023,2,Cuyama 2,spring,2023-04-28,shrub,,,
2023,2,Cuyama 2,spring,2023-04-28,open,,,
2023,3,Cuyama 2,spring,2023-04-28,shrub,,,
2023,3,Cuyama 2,spring,2023-04-28,open,,,
2023,4,Cuyama 2,spring,2023-04-28,shrub,y,,
2023,4,Cuyama 2,spring,2023-04-28,open,N,,
2023,5,Cuyama 2,spring,2023-04-28,shrub,y,,
2023,5,Cuyama 2,spring,2023-04-28,open,y,,
2023,6,Cuyama 2,spring,2023-04-28,shrub,,,
2023,6,Cuyama 2,spring,2023-04-28,open,,,
2023,7,Cuyama 2,spring,2023-04-28,shrub,,,
2023,7,Cuyama 2,spring,2023-04-28,open,,,
2023,8,Cuyama 2,spring,2023-04-28,shrub,,,
2023,8,Cuyama 2,spring,2023-04-28,open,,,
2023,9,Cuyama 2,spring,2023-04-28,shrub,y,,
2023,9,Cuyama 2,spring,2023-04-28,open,y,,
2023,10,Cuyama 2,spring,2023-04-28,shrub,y,,
2023,10,Cuyama 2,spring,2023-04-28,open,y,,
2023,11,Cuyama 2,spring,2023-04-28,shrub,,,
2023,11,Cuyama 2,spring,2023-04-28,open,,,
2023,12,Cuyama 2,spring,2023-04-28,shrub,,,
2023,12,Cuyama 2,spring,2023-04-28,open,,,
2023,13,Cuyama 2,spring,2023-04-28,shrub,y,,
2023,13,Cuyama 2,spring,2023-04-28,open,y,,
2023,14,Cuyama 2,spring,2023-04-28,shrub,y,,
2023,14,Cuyama 2,spring,2023-04-28,open,y,,
2023,15,Cuyama 2,spring,2023-04-28,shrub,,,
2023,15,Cuyama 2,spring,2023-04-28,open,,,
2023,16,Cuyama 2,spring,2023-04-28,shrub,,,
2023,16,Cuyama 2,spring,2023-04-28,open,,,
2023,17,Cuyama 2,spring,2023-04-28,shrub,,,
2023,17,Cuyama 2,spring,2023-04-28,open,,,
2023,18,Cuyama 2,spring,2023-04-28,shrub,,,
2023,18,Cuyama 2,spring,2023-04-28,open,,,
2023,19,Cuyama 2,spring,2023-04-28,shrub,y,,
2023,19,Cuyama 2,spring,2023-04-28,open,y,,
2023,20,Cuyama 2,spring,2023-04-28,shrub,y,,
2023,20,Cuyama 2,spring,2023-04-28,open,y,,
2023,21,Cuyama 2,spring,2023-04-28,shrub,,,
2023,21,Cuyama 2,spring,2023-04-28,open,,,
2023,22,Cuyama 2,spring,2023-04-28,shrub,,,
2023,22,Cuyama 2,spring,2023-04-28,open,,,
2023,23,Cuyama 2,spring,2023-04-28,shrub,,,
2023,23,Cuyama 2,spring,2023-04-28,open,,,
2023,24,Cuyama 2,spring,2023-04-28,shrub,y,,
2023,24,Cuyama 2,spring,2023-04-28,open,y,,
2023,25,Cuyama 2,spring,2023-04-28,shrub,y,,
2023,25,Cuyama 2,spring,2023-04-28,open,y,,
2023,26,Cuyama 2,spring,2023-04-28,shrub,,,
2023,26,Cuyama 2,spring,2023-04-28,open,,,
2023,27,Cuyama 2,spring,2023-04-28,shrub,,,
2023,27,Cuyama 2,spring,2023-04-28,open,,,
2023,28,Cuyama 2,spring,2023-04-28,shrub,,,
2023,28,Cuyama 2,spring,2023-04-28,open,,,
2023,29,Cuyama 2,spring,2023-04-28,shrub,y,,
2023,29,Cuyama 2,spring,2023-04-28,open,y,,
2023,30,Cuyama 2,spring,2023-04-28,shrub,y,,
2023,30,Cuyama 2,spring,2023-04-28,open,y,,
2023,1,Sheephole,spring,2023-04-20,shrub,s,,EC
2023,1,Sheephole,spring,2023-04-20,open,s,,
2023,2,Sheephole,spring,2023-04-20,shrub,m,,LT
2023,2,Sheephole,spring,2023-04-20,open,m,,
2023,3,Sheephole,spring,2023-04-20,shrub,l,,EC
2023,3,Sheephole,spring,2023-04-20,open,l,,
2023,4,Sheephole,spring,2023-04-20,shrub,y,,LT
2023,4,Sheephole,spring,2023-04-20,open,y,,
2023,5,Sheephole,spring,2023-04-20,shrub,y,,EC
2023,5,Sheephole,spring,2023-04-20,open,y,,
2023,6,Sheephole,spring,2023-04-20,shrub,s,,LT
2023,6,Sheephole,spring,2023-04-20,open,s,,
2023,7,Sheephole,spring,2023-04-20,shrub,m,,EC
2023,7,Sheephole,spring,2023-04-20,open,m,,
2023,8,Sheephole,spring,2023-04-20,shrub,l,,LT
2023,8,Sheephole,spring,2023-04-20,open,l,,
2023,9,Sheephole,spring,2023-04-20,shrub,y,,EC
2023,9,Sheephole,spring,2023-04-20,open,y,,
2023,10,Sheephole,spring,2023-04-20,shrub,y,,LT
2023,10,Sheephole,spring,2023-04-20,open,y,,
2023,11,Sheephole,spring,2023-04-20,shrub,s,,EC
2023,11,Sheephole,spring,2023-04-20,open,s,,
2023,12,Sheephole,spring,2023-04-20,shrub,m,,LT
2023,12,Sheephole,spring,2023-04-20,open,m,,
2023,13,Sheephole,spring,2023-04-20,shrub,l,,EC
2023,13,Sheephole,spring,2023-04-20,open,l,,
2023,14,Sheephole,spring,2023-04-20,shrub,y,,LT
2023,14,Sheephole,spring,2023-04-20,open,y,,
2023,15,Sheephole,spring,2023-04-20,shrub,y,,EC
2023,15,Sheephole,spring,2023-04-20,open,y,,
2023,16,Sheephole,spring,2023-04-20,shrub,s,,EC
2023,16,Sheephole,spring,2023-04-20,open,s,,
2023,17,Sheephole,spring,2023-04-20,shrub,m,,LT
2023,17,Sheephole,spring,2023-04-20,open,m,,
2023,18,Sheephole,spring,2023-04-20,shrub,l,,EC
2023,18,Sheephole,spring,2023-04-20,open,l,,
2023,19,Sheephole,spring,2023-04-20,shrub,y,,LT
2023,19,Sheephole,spring,2023-04-20,open,y,,
2023,20,Sheephole,spring,2023-04-20,shrub,y,,EC
2023,20,Sheephole,spring,2023-04-20,open,y,,
2023,21,Sheephole,spring,2023-04-20,shrub,s,,LT
2023,21,Sheephole,spring,2023-04-20,open,s,,
2023,22,Sheephole,spring,2023-04-20,shrub,l,,EC
2023,22,Sheephole,spring,2023-04-20,open,l,,
2023,23,Sheephole,spring,2023-04-20,shrub,m,,LT
2023,23,Sheephole,spring,2023-04-20,open,m,,
2023,24,Sheephole,spring,2023-04-20,shrub,y,,LT
2023,24,Sheephole,spring,2023-04-20,open,y,,
2023,25,Sheephole,spring,2023-04-20,shrub,y,,EC
2023,25,Sheephole,spring,2023-04-20,open,y,,
2023,26,Sheephole,spring,2023-04-20,shrub,s,,LT
2023,26,Sheephole,spring,2023-04-20,open,s,,
2023,27,Sheephole,spring,2023-04-20,shrub,l,,EC
2023,27,Sheephole,spring,2023-04-20,open,l,,
2023,28,Sheephole,spring,2023-04-20,shrub,m,,LT
2023,28,Sheephole,spring,2023-04-20,open,m,,
2023,29,Sheephole,spring,2023-04-20,shrub,y,,EC
2023,29,Sheephole,spring,2023-04-20,open,y,,
2023,30,Sheephole,spring,2023-04-20,shrub,y,,LT
2023,30,Sheephole,spring,2023-04-20,open,y,,
2023,1,HOM,spring,2023-04-20,shrub,,,EC
2023,1,HOM,spring,2023-04-20,open,,,
2023,2,HOM,spring,2023-04-20,shrub,,,LT
2023,2,HOM,spring,2023-04-20,open,,,
2023,3,HOM,spring,2023-04-20,shrub,,,EC
2023,3,HOM,spring,2023-04-20,open,,,
2023,4,HOM,spring,2023-04-20,shrub,y,,LT
2023,4,HOM,spring,2023-04-20,open,y,,
2023,5,HOM,spring,2023-04-20,shrub,y,,EC
2023,5,HOM,spring,2023-04-20,open,y,,
2023,6,HOM,spring,2023-04-20,shrub,,,LT
2023,6,HOM,spring,2023-04-20,open,,,
2023,7,HOM,spring,2023-04-20,shrub,,,EC
2023,7,HOM,spring,2023-04-20,open,,,
2023,8,HOM,spring,2023-04-20,shrub,,,EC
2023,8,HOM,spring,2023-04-20,open,,,
2023,9,HOM,spring,2023-04-20,shrub,y,,LT
2023,9,HOM,spring,2023-04-20,open,y,,
2023,10,HOM,spring,2023-04-20,shrub,y,,EC
2023,10,HOM,spring,2023-04-20,open,y,,
2023,11,HOM,spring,2023-04-20,shrub,,,LT
2023,11,HOM,spring,2023-04-20,open,,,
2023,12,HOM,spring,2023-04-20,shrub,,,EC
2023,12,HOM,spring,2023-04-20,open,,,
2023,13,HOM,spring,2023-04-20,shrub,,,LT
2023,13,HOM,spring,2023-04-20,open,,,
2023,14,HOM,spring,2023-04-20,shrub,y,,EC
2023,14,HOM,spring,2023-04-20,open,y,,
2023,15,HOM,spring,2023-04-20,shrub,y,,EC
2023,15,HOM,spring,2023-04-20,open,y,,
2023,16,HOM,spring,2023-04-20,shrub,,,LT
2023,16,HOM,spring,2023-04-20,open,,,
2023,17,HOM,spring,2023-04-20,shrub,,,LT
2023,17,HOM,spring,2023-04-20,open,,,
2023,18,HOM,spring,2023-04-20,shrub,,,EC
2023,18,HOM,spring,2023-04-20,open,,,
2023,19,HOM,spring,2023-04-20,shrub,y,,LT
2023,19,HOM,spring,2023-04-20,open,y,,
2023,20,HOM,spring,2023-04-20,shrub,y,,EC
2023,20,HOM,spring,2023-04-20,open,y,,
2023,21,HOM,spring,2023-04-20,shrub,,,LT
2023,21,HOM,spring,2023-04-20,open,,,
2023,22,HOM,spring,2023-04-20,shrub,,,EC
2023,22,HOM,spring,2023-04-20,open,,,
2023,23,HOM,spring,2023-04-20,shrub,,,LT
2023,23,HOM,spring,2023-04-20,open,,,
2023,24,HOM,spring,2023-04-20,shrub,y,,EC
2023,24,HOM,spring,2023-04-20,open,y,,
2023,25,HOM,spring,2023-04-20,shrub,y,,LT
2023,25,HOM,spring,2023-04-20,open,y,,
2023,26,HOM,spring,2023-04-20,shrub,,,EC
2023,26,HOM,spring,2023-04-20,open,,,
2023,27,HOM,spring,2023-04-20,shrub,,,LT
2023,27,HOM,spring,2023-04-20,open,,,
2023,28,HOM,spring,2023-04-20,shrub,,,EC
2023,28,HOM,spring,2023-04-20,open,,,
2023,29,HOM,spring,2023-04-20,shrub,y,,LT
2023,29,HOM,spring,2023-04-20,open,y,,
2023,30,HOM,spring,2023-04-20,shrub,y,,EC
2023,30,HOM,spring,2023-04-20,open,y,,
2023,1,Yucca,spring,2023-04-17,shrub,,,
2023,1,Yucca,spring,2023-04-17,open,,,
2023,2,Yucca,spring,2023-04-17,shrub,,,
2023,2,Yucca,spring,2023-04-17,open,,,
2023,3,Yucca,spring,2023-04-17,shrub,,,
2023,3,Yucca,spring,2023-04-17,open,,,
2023,4,Yucca,spring,2023-04-17,shrub,y,,
2023,4,Yucca,spring,2023-04-17,open,y,,
2023,5,Yucca,spring,2023-04-17,shrub,y,,
2023,5,Yucca,spring,2023-04-17,open,y,,
2023,6,Yucca,spring,2023-04-17,shrub,,,
2023,6,Yucca,spring,2023-04-17,open,,,
2023,7,Yucca,spring,2023-04-17,shrub,,,
2023,7,Yucca,spring,2023-04-17,open,,,
2023,8,Yucca,spring,2023-04-17,shrub,,,
2023,8,Yucca,spring,2023-04-17,open,,,
2023,9,Yucca,spring,2023-04-17,shrub,y,,
2023,9,Yucca,spring,2023-04-17,open,y,,
2023,10,Yucca,spring,2023-04-17,shrub,y,,
2023,10,Yucca,spring,2023-04-17,open,y,,
2023,11,Yucca,spring,2023-04-17,shrub,,,
2023,11,Yucca,spring,2023-04-17,open,,,
2023,12,Yucca,spring,2023-04-17,shrub,,,
2023,12,Yucca,spring,2023-04-17,open,,,
2023,13,Yucca,spring,2023-04-17,shrub,,,
2023,13,Yucca,spring,2023-04-17,open,,,
2023,14,Yucca,spring,2023-04-17,shrub,y,,
2023,14,Yucca,spring,2023-04-17,open,y,,
2023,15,Yucca,spring,2023-04-17,shrub,y,,
2023,15,Yucca,spring,2023-04-17,open,y,,
2023,16,Yucca,spring,2023-04-17,shrub,,,
2023,16,Yucca,spring,2023-04-17,open,,,
2023,17,Yucca,spring,2023-04-17,shrub,,,
2023,17,Yucca,spring,2023-04-17,open,,,
2023,18,Yucca,spring,2023-04-17,shrub,,,
2023,18,Yucca,spring,2023-04-17,open,,,
2023,19,Yucca,spring,2023-04-17,shrub,y,,
2023,19,Yucca,spring,2023-04-17,open,y,,
2023,20,Yucca,spring,2023-04-17,shrub,y,,
2023,20,Yucca,spring,2023-04-17,open,y,,
2023,21,Yucca,spring,2023-04-17,shrub,,,
2023,21,Yucca,spring,2023-04-17,open,,,
2023,22,Yucca,spring,2023-04-17,shrub,,,
2023,22,Yucca,spring,2023-04-17,open,,,
2023,23,Yucca,spring,2023-04-17,shrub,,,
2023,23,Yucca,spring,2023-04-17,open,,,
2023,24,Yucca,spring,2023-04-17,shrub,y,,
2023,24,Yucca,spring,2023-04-17,open,y,,
2023,25,Yucca,spring,2023-04-17,shrub,y,,
2023,25,Yucca,spring,2023-04-17,open,y,,
2023,26,Yucca,spring,2023-04-17,shrub,,,
2023,26,Yucca,spring,2023-04-17,open,,,
2023,27,Yucca,spring,2023-04-17,shrub,,,
2023,27,Yucca,spring,2023-04-17,open,,,
2023,28,Yucca,spring,2023-04-17,shrub,,,
2023,28,Yucca,spring,2023-04-17,open,,,
2023,29,Yucca,spring,2023-04-17,shrub,y,,
2023,29,Yucca,spring,2023-04-17,open,y,,
2023,30,Yucca,spring,2023-04-17,shrub,y,,
2023,30,Yucca,spring,2023-04-17,open,y,,
2024,1,Barstow,spring,2024-04-15,shrub,,,
2024,1,Barstow,spring,2024-04-15,open,,,
2024,2,Barstow,spring,2024-04-15,shrub,,,
2024,2,Barstow,spring,2024-04-15,open,,,
2024,3,Barstow,spring,2024-04-15,shrub,,,
2024,3,Barstow,spring,2024-04-15,open,,,
2024,4,Barstow,spring,2024-04-15,shrub,y,,
2024,4,Barstow,spring,2024-04-15,open,y,,
2024,5,Barstow,spring,2024-04-15,shrub,y,,
2024,5,Barstow,spring,2024-04-15,open,y,,
2024,6,Barstow,spring,2024-04-15,shrub,,,
2024,6,Barstow,spring,2024-04-15,open,,,
2024,7,Barstow,spring,2024-04-15,shrub,,,
2024,7,Barstow,spring,2024-04-15,open,,,
2024,8,Barstow,spring,2024-04-15,shrub,,,
2024,8,Barstow,spring,2024-04-15,open,,,
2024,9,Barstow,spring,2024-04-15,shrub,y,,
2024,9,Barstow,spring,2024-04-15,open,y,,
2024,10,Barstow,spring,2024-04-15,shrub,y,,
2024,10,Barstow,spring,2024-04-15,open,y,,
2024,11,Barstow,spring,2024-04-15,shrub,,,
2024,11,Barstow,spring,2024-04-15,open,,,
2024,12,Barstow,spring,2024-04-15,shrub,,,
2024,12,Barstow,spring,2024-04-15,open,,,
2024,13,Barstow,spring,2024-04-15,shrub,,,
2024,13,Barstow,spring,2024-04-15,open,,,
2024,14,Barstow,spring,2024-04-15,shrub,y,,
2024,14,Barstow,spring,2024-04-15,open,y,,
2024,15,Barstow,spring,2024-04-15,shrub,y,,
2024,15,Barstow,spring,2024-04-15,open,y,,
2024,16,Barstow,spring,2024-04-15,shrub,,,
2024,16,Barstow,spring,2024-04-15,open,,,
2024,17,Barstow,spring,2024-04-15,shrub,,,
2024,17,Barstow,spring,2024-04-15,open,,,
2024,18,Barstow,spring,2024-04-15,shrub,,,
2024,18,Barstow,spring,2024-04-15,open,,,
2024,19,Barstow,spring,2024-04-15,shrub,y,,
2024,19,Barstow,spring,2024-04-15,open,y,,
2024,20,Barstow,spring,2024-04-15,shrub,y,,
2024,20,Barstow,spring,2024-04-15,open,y,,
2024,21,Barstow,spring,2024-04-15,shrub,,,
2024,21,Barstow,spring,2024-04-15,open,,,
2024,22,Barstow,spring,2024-04-15,shrub,,,
2024,22,Barstow,spring,2024-04-15,open,,,
2024,23,Barstow,spring,2024-04-15,shrub,,,
2024,23,Barstow,spring,2024-04-15,open,,,
2024,24,Barstow,spring,2024-04-15,shrub,y,,
2024,24,Barstow,spring,2024-04-15,open,y,,
2024,25,Barstow,spring,2024-04-15,shrub,y,,
2024,25,Barstow,spring,2024-04-15,open,y,,
2024,26,Barstow,spring,2024-04-15,shrub,,,
2024,26,Barstow,spring,2024-04-15,open,,,
2024,27,Barstow,spring,2024-04-15,shrub,,,
2024,27,Barstow,spring,2024-04-15,open,,,
2024,28,Barstow,spring,2024-04-15,shrub,,,
2024,28,Barstow,spring,2024-04-15,open,,,
2024,29,Barstow,spring,2024-04-15,shrub,y,,
2024,29,Barstow,spring,2024-04-15,open,y,,
2024,30,Barstow,spring,2024-04-15,shrub,y,,
2024,30,Barstow,spring,2024-04-15,open,y,,
2024,31,Barstow,spring,2024-04-15,shrub,,,
2024,31,Barstow,spring,2024-04-15,open,,,
2024,32,Barstow,spring,2024-04-15,shrub,,,
2024,32,Barstow,spring,2024-04-15,open,,,
2024,33,Barstow,spring,2024-04-15,shrub,,,
2024,33,Barstow,spring,2024-04-15,open,,,
2024,34,Barstow,spring,2024-04-15,shrub,y,,
2024,34,Barstow,spring,2024-04-15,open,y,,
2024,35,Barstow,spring,2024-04-15,shrub,y,,
2024,35,Barstow,spring,2024-04-15,open,y,,
2024,36,Barstow,spring,2024-04-15,shrub,,,
2024,36,Barstow,spring,2024-04-15,open,,,
2024,37,Barstow,spring,2024-04-15,shrub,,,
2024,37,Barstow,spring,2024-04-15,open,,,
2024,38,Barstow,spring,2024-04-15,shrub,,,
2024,38,Barstow,spring,2024-04-15,open,,,
2024,39,Barstow,spring,2024-04-15,shrub,y,,
2024,39,Barstow,spring,2024-04-15,open,y,,
2024,40,Barstow,spring,2024-04-15,shrub,y,,
2024,40,Barstow,spring,2024-04-15,open,y,,
2024,1,Cuyama 1,spring,2024-05-01,shrub,,,
2024,1,Cuyama 1,spring,2024-05-01,open,,,
2024,2,Cuyama 1,spring,2024-05-01,shrub,,,
2024,2,Cuyama 1,spring,2024-05-01,open,,,
2024,3,Cuyama 1,spring,2024-05-01,shrub,,,
2024,3,Cuyama 1,spring,2024-05-01,open,,,
2024,4,Cuyama 1,spring,2024-05-01,shrub,y,,
2024,4,Cuyama 1,spring,2024-05-01,open,y,,
2024,5,Cuyama 1,spring,2024-05-01,shrub,y,,
2024,5,Cuyama 1,spring,2024-05-01,open,y,,
2024,6,Cuyama 1,spring,2024-05-01,shrub,,,
2024,6,Cuyama 1,spring,2024-05-01,open,,,
2024,7,Cuyama 1,spring,2024-05-01,shrub,,,
2024,7,Cuyama 1,spring,2024-05-01,open,,,
2024,8,Cuyama 1,spring,2024-05-01,shrub,,,
2024,8,Cuyama 1,spring,2024-05-01,open,,,
2024,9,Cuyama 1,spring,2024-05-01,shrub,y,,
2024,9,Cuyama 1,spring,2024-05-01,open,y,,
2024,10,Cuyama 1,spring,2024-05-01,shrub,y,,
2024,10,Cuyama 1,spring,2024-05-01,open,y,,
2024,11,Cuyama 1,spring,2024-05-01,shrub,,,
2024,11,Cuyama 1,spring,2024-05-01,open,,,
2024,12,Cuyama 1,spring,2024-05-01,shrub,,,
2024,12,Cuyama 1,spring,2024-05-01,open,,,
2024,13,Cuyama 1,spring,2024-05-01,shrub,,,
2024,13,Cuyama 1,spring,2024-05-01,open,,,
2024,14,Cuyama 1,spring,2024-05-01,shrub,y,,
2024,14,Cuyama 1,spring,2024-05-01,open,y,,
2024,15,Cuyama 1,spring,2024-05-01,shrub,y,,
2024,15,Cuyama 1,spring,2024-05-01,open,y,,
2024,16,Cuyama 1,spring,2024-05-01,shrub,,,
2024,16,Cuyama 1,spring,2024-05-01,open,,,
2024,17,Cuyama 1,spring,2024-05-01,shrub,,,
2024,17,Cuyama 1,spring,2024-05-01,open,,,
2024,18,Cuyama 1,spring,2024-05-01,shrub,,,
2024,18,Cuyama 1,spring,2024-05-01,open,,,
2024,19,Cuyama 1,spring,2024-05-01,shrub,y,,
2024,19,Cuyama 1,spring,2024-05-01,open,y,,
2024,20,Cuyama 1,spring,2024-05-01,shrub,y,,
2024,20,Cuyama 1,spring,2024-05-01,open,N,,
2024,21,Cuyama 1,spring,2024-05-01,shrub,,,
2024,21,Cuyama 1,spring,2024-05-01,open,,,
2024,22,Cuyama 1,spring,2024-05-01,shrub,,,
2024,22,Cuyama 1,spring,2024-05-01,open,,,
2024,23,Cuyama 1,spring,2024-05-01,shrub,,,
2024,23,Cuyama 1,spring,2024-05-01,open,,,
2024,24,Cuyama 1,spring,2024-05-01,shrub,y,,
2024,24,Cuyama 1,spring,2024-05-01,open,y,,
2024,25,Cuyama 1,spring,2024-05-01,shrub,y,,
2024,25,Cuyama 1,spring,2024-05-01,open,y,,
2024,26,Cuyama 1,spring,2024-05-01,shrub,,,
2024,26,Cuyama 1,spring,2024-05-01,open,,,
2024,27,Cuyama 1,spring,2024-05-01,shrub,,,
2024,27,Cuyama 1,spring,2024-05-01,open,,,
2024,28,Cuyama 1,spring,2024-05-01,shrub,,,
2024,28,Cuyama 1,spring,2024-05-01,open,,,
2024,29,Cuyama 1,spring,2024-05-01,shrub,y,,
2024,29,Cuyama 1,spring,2024-05-01,open,y,,
2024,30,Cuyama 1,spring,2024-05-01,shrub,y,,
2024,30,Cuyama 1,spring,2024-05-01,open,y,,
2024,31,Cuyama 1,spring,2024-05-01,shrub,,,
2024,31,Cuyama 1,spring,2024-05-01,open,,,
2024,32,Cuyama 1,spring,2024-05-01,shrub,,,
2024,32,Cuyama 1,spring,2024-05-01,open,,,
2024,33,Cuyama 1,spring,2024-05-01,shrub,,,
2024,33,Cuyama 1,spring,2024-05-01,open,,,
2024,34,Cuyama 1,spring,2024-05-01,shrub,y,,
2024,34,Cuyama 1,spring,2024-05-01,open,y,,
2024,35,Cuyama 1,spring,2024-05-01,shrub,y,,
2024,35,Cuyama 1,spring,2024-05-01,open,y,,
2024,36,Cuyama 1,spring,2024-05-01,shrub,,,
2024,36,Cuyama 1,spring,2024-05-01,open,,,
2024,37,Cuyama 1,spring,2024-05-01,shrub,,,
2024,37,Cuyama 1,spring,2024-05-01,open,,,
2024,38,Cuyama 1,spring,2024-05-01,shrub,,,
2024,38,Cuyama 1,spring,2024-05-01,open,,,
2024,39,Cuyama 1,spring,2024-05-01,shrub,y,,
2024,39,Cuyama 1,spring,2024-05-01,open,y,,
2024,40,Cuyama 1,spring,2024-05-01,shrub,y,,
2024,40,Cuyama 1,spring,2024-05-01,open,y,,
2024,1,Cuyama 2,spring,2024-04-30,shrub,,,
2024,1,Cuyama 2,spring,2024-04-30,open,,,
2024,2,Cuyama 2,spring,2024-04-30,shrub,,,
2024,2,Cuyama 2,spring,2024-04-30,open,,,
2024,3,Cuyama 2,spring,2024-04-30,shrub,,,
2024,3,Cuyama 2,spring,2024-04-30,open,,,
2024,4,Cuyama 2,spring,2024-04-30,shrub,y,,
2024,4,Cuyama 2,spring,2024-04-30,open,y,,
2024,5,Cuyama 2,spring,2024-04-30,shrub,y,,
2024,5,Cuyama 2,spring,2024-04-30,open,y,,
2024,8,Cuyama 2,spring,2024-04-30,shrub,,,
2024,8,Cuyama 2,spring,2024-04-30,open,,,
2024,7,Cuyama 2,spring,2024-04-30,shrub,,,
2024,7,Cuyama 2,spring,2024-04-30,open,,,
2024,6,Cuyama 2,spring,2024-04-30,shrub,,,
2024,6,Cuyama 2,spring,2024-04-30,open,,,
2024,9,Cuyama 2,spring,2024-04-30,shrub,y,,
2024,9,Cuyama 2,spring,2024-04-30,open,y,,
2024,10,Cuyama 2,spring,2024-04-30,shrub,y,,
2024,10,Cuyama 2,spring,2024-04-30,open,y,,
2024,11,Cuyama 2,spring,2024-04-30,shrub,,,
2024,11,Cuyama 2,spring,2024-04-30,open,,,
2024,12,Cuyama 2,spring,2024-04-30,shrub,,,
2024,12,Cuyama 2,spring,2024-04-30,open,,,
2024,13,Cuyama 2,spring,2024-04-30,shrub,,,
2024,13,Cuyama 2,spring,2024-04-30,open,,,
2024,14,Cuyama 2,spring,2024-04-30,shrub,y,,
2024,14,Cuyama 2,spring,2024-04-30,open,y,,
2024,15,Cuyama 2,spring,2024-04-30,shrub,y,,
2024,15,Cuyama 2,spring,2024-04-30,open,y,,
2024,16,Cuyama 2,spring,2024-04-30,shrub,,,
2024,16,Cuyama 2,spring,2024-04-30,open,,,
2024,17,Cuyama 2,spring,2024-04-30,shrub,,,
2024,17,Cuyama 2,spring,2024-04-30,open,,,
2024,18,Cuyama 2,spring,2024-04-30,shrub,,,
2024,18,Cuyama 2,spring,2024-04-30,open,,,
2024,19,Cuyama 2,spring,2024-04-30,shrub,y,,
2024,19,Cuyama 2,spring,2024-04-30,open,y,,
2024,20,Cuyama 2,spring,2024-04-30,shrub,y,,
2024,20,Cuyama 2,spring,2024-04-30,open,y,,
2024,21,Cuyama 2,spring,2024-04-30,shrub,,,
2024,21,Cuyama 2,spring,2024-04-30,open,,,
2024,22,Cuyama 2,spring,2024-04-30,shrub,,,
2024,22,Cuyama 2,spring,2024-04-30,open,,,
2024,23,Cuyama 2,spring,2024-04-30,shrub,,,
2024,23,Cuyama 2,spring,2024-04-30,open,,,
2024,24,Cuyama 2,spring,2024-04-30,shrub,y,,
2024,24,Cuyama 2,spring,2024-04-30,open,y,,
2024,25,Cuyama 2,spring,2024-04-30,shrub,y,,
2024,25,Cuyama 2,spring,2024-04-30,open,y,,
2024,26,Cuyama 2,spring,2024-04-30,shrub,,,
2024,26,Cuyama 2,spring,2024-04-30,open,,,
2024,27,Cuyama 2,spring,2024-04-30,shrub,,,
2024,27,Cuyama 2,spring,2024-04-30,open,,,
2024,28,Cuyama 2,spring,2024-04-30,shrub,,,
2024,28,Cuyama 2,spring,2024-04-30,open,,,
2024,29,Cuyama 2,spring,2024-04-30,shrub,y,,
2024,29,Cuyama 2,spring,2024-04-30,open,y,,
2024,30,Cuyama 2,spring,2024-04-30,shrub,y,,
2024,30,Cuyama 2,spring,2024-04-30,open,y,,
2024,31,Cuyama 2,spring,2024-04-30,shrub,,,
2024,31,Cuyama 2,spring,2024-04-30,open,,,
2024,32,Cuyama 2,spring,2024-04-30,shrub,,,
2024,32,Cuyama 2,spring,2024-04-30,open,,,
2024,33,Cuyama 2,spring,2024-04-30,shrub,,,
2024,33,Cuyama 2,spring,2024-04-30,open,,,
2024,34,Cuyama 2,spring,2024-04-30,shrub,y,,
2024,34,Cuyama 2,spring,2024-04-30,open,y,,
2024,36,Cuyama 2,spring,2024-04-30,shrub,,,
2024,36,Cuyama 2,spring,2024-04-30,open,,,
2024,35,Cuyama 2,spring,2024-04-30,shrub,y,,
2024,35,Cuyama 2,spring,2024-04-30,open,y,,
2024,37,Cuyama 2,spring,2024-04-30,shrub,,,
2024,37,Cuyama 2,spring,2024-04-30,open,,,
2024,38,Cuyama 2,spring,2024-04-30,shrub,,,
2024,38,Cuyama 2,spring,2024-04-30,open,,,
2024,39,Cuyama 2,spring,2024-04-30,shrub,y,,
2024,39,Cuyama 2,spring,2024-04-30,open,y,,
2024,40,Cuyama 2,spring,2024-04-30,shrub,y,,
2024,40,Cuyama 2,spring,2024-04-30,open,y,,
2024,1,HOM,spring,2024-04-25,shrub,,,
2024,1,HOM,spring,2024-04-25,open,,,
2024,2,HOM,spring,2024-04-25,shrub,,,
2024,2,HOM,spring,2024-04-25,open,,,
2024,3,HOM,spring,2024-04-25,shrub,,,
2024,3,HOM,spring,2024-04-25,open,,,
2024,4,HOM,spring,2024-04-25,shrub,y,,
2024,4,HOM,spring,2024-04-25,open,y,,
2024,5,HOM,spring,2024-04-25,shrub,y,,
2024,5,HOM,spring,2024-04-25,open,y,,
2024,6,HOM,spring,2024-04-25,shrub,,,
2024,6,HOM,spring,2024-04-25,open,,,
2024,7,HOM,spring,2024-04-25,shrub,,,
2024,7,HOM,spring,2024-04-25,open,,,
2024,8,HOM,spring,2024-04-25,shrub,,,
2024,8,HOM,spring,2024-04-25,open,,,
2024,9,HOM,spring,2024-04-25,shrub,y,,
2024,9,HOM,spring,2024-04-25,open,y,,
2024,10,HOM,spring,2024-04-25,shrub,y,,
2024,10,HOM,spring,2024-04-25,open,y,,
2024,11,HOM,spring,2024-04-25,shrub,,,
2024,11,HOM,spring,2024-04-25,open,,,
2024,12,HOM,spring,2024-04-25,shrub,,,
2024,12,HOM,spring,2024-04-25,open,,,
2024,13,HOM,spring,2024-04-25,shrub,,,
2024,13,HOM,spring,2024-04-25,open,,,
2024,14,HOM,spring,2024-04-25,shrub,y,,
2024,14,HOM,spring,2024-04-25,open,y,,
2024,15,HOM,spring,2024-04-25,shrub,y,,
2024,15,HOM,spring,2024-04-25,open,y,,
2024,16,HOM,spring,2024-04-25,shrub,,,
2024,16,HOM,spring,2024-04-25,open,,,
2024,17,HOM,spring,2024-04-25,shrub,,,
2024,17,HOM,spring,2024-04-25,open,,,
2024,18,HOM,spring,2024-04-25,shrub,,,
2024,18,HOM,spring,2024-04-25,open,,,
2024,19,HOM,spring,2024-04-25,shrub,y,,
2024,19,HOM,spring,2024-04-25,open,y,,
2024,20,HOM,spring,2024-04-25,shrub,y,,
2024,20,HOM,spring,2024-04-25,open,y,,
2024,21,HOM,spring,2024-04-25,shrub,,,
2024,21,HOM,spring,2024-04-25,open,,,
2024,22,HOM,spring,2024-04-25,shrub,,,
2024,22,HOM,spring,2024-04-25,open,,,
2024,23,HOM,spring,2024-04-25,shrub,,,
2024,23,HOM,spring,2024-04-25,open,,,
2024,24,HOM,spring,2024-04-25,shrub,y,,
2024,24,HOM,spring,2024-04-25,open,y,,
2024,25,HOM,spring,2024-04-25,shrub,y,,
2024,25,HOM,spring,2024-04-25,open,y,,
2024,26,HOM,spring,2024-04-25,shrub,,,
2024,26,HOM,spring,2024-04-25,open,,,
2024,27,HOM,spring,2024-04-25,shrub,,,
2024,27,HOM,spring,2024-04-25,open,,,
2024,28,HOM,spring,2024-04-25,shrub,,,
2024,28,HOM,spring,2024-04-25,open,,,
2024,30,HOM,spring,2024-04-25,shrub,y,,
2024,30,HOM,spring,2024-04-25,open,y,,
2024,29,HOM,spring,2024-04-25,shrub,y,,
2024,29,HOM,spring,2024-04-25,open,y,,
2024,31,HOM,spring,2024-04-25,shrub,,,
2024,31,HOM,spring,2024-04-25,open,,,
2024,32,HOM,spring,2024-04-25,shrub,,,
2024,32,HOM,spring,2024-04-25,open,,,
2024,33,HOM,spring,2024-04-25,shrub,,,
2024,33,HOM,spring,2024-04-25,open,,,
2024,34,HOM,spring,2024-04-25,shrub,y,,
2024,34,HOM,spring,2024-04-25,open,y,,
2024,35,HOM,spring,2024-04-25,shrub,y,,
2024,35,HOM,spring,2024-04-25,open,y,,
2024,36,HOM,spring,2024-04-25,shrub,,,
2024,36,HOM,spring,2024-04-25,open,,,
2024,37,HOM,spring,2024-04-25,shrub,,,
2024,37,HOM,spring,2024-04-25,open,,,
2024,38,HOM,spring,2024-04-25,shrub,,,
2024,38,HOM,spring,2024-04-25,open,,,
2024,39,HOM,spring,2024-04-25,shrub,y,,
2024,39,HOM,spring,2024-04-25,open,y,,
2024,40,HOM,spring,2024-04-25,shrub,y,,
2024,40,HOM,spring,2024-04-25,open,y,,
2024,1,Sheephole,spring,2024-04-20,shrub,,,
2024,1,Sheephole,spring,2024-04-20,open,,,
2024,2,Sheephole,spring,2024-04-20,shrub,,,
2024,2,Sheephole,spring,2024-04-20,open,,,
2024,3,Sheephole,spring,2024-04-20,shrub,,,
2024,3,Sheephole,spring,2024-04-20,open,,,
2024,4,Sheephole,spring,2024-04-20,shrub,y,,
2024,4,Sheephole,spring,2024-04-20,open,y,,
2024,5,Sheephole,spring,2024-04-20,shrub,y,,
2024,5,Sheephole,spring,2024-04-20,open,y,,
2024,6,Sheephole,spring,2024-04-20,shrub,,,
2024,6,Sheephole,spring,2024-04-20,open,,,
2024,7,Sheephole,spring,2024-04-20,shrub,,,
2024,7,Sheephole,spring,2024-04-20,open,,,
2024,8,Sheephole,spring,2024-04-20,shrub,,,
2024,8,Sheephole,spring,2024-04-20,open,,,
2024,9,Sheephole,spring,2024-04-20,shrub,y,,
2024,9,Sheephole,spring,2024-04-20,open,y,,
2024,10,Sheephole,spring,2024-04-20,shrub,y,,
2024,10,Sheephole,spring,2024-04-20,open,y,,
2024,11,Sheephole,spring,2024-04-20,shrub,,,
2024,11,Sheephole,spring,2024-04-20,open,,,
2024,12,Sheephole,spring,2024-04-20,shrub,,,
2024,12,Sheephole,spring,2024-04-20,open,,,
2024,13,Sheephole,spring,2024-04-20,shrub,,,
2024,13,Sheephole,spring,2024-04-20,open,,,
2024,14,Sheephole,spring,2024-04-20,shrub,y,,
2024,14,Sheephole,spring,2024-04-20,open,y,,
2024,15,Sheephole,spring,2024-04-20,shrub,y,,
2024,15,Sheephole,spring,2024-04-20,open,y,,
2024,16,Sheephole,spring,2024-04-20,shrub,,,
2024,16,Sheephole,spring,2024-04-20,open,,,
2024,17,Sheephole,spring,2024-04-20,shrub,,,
2024,17,Sheephole,spring,2024-04-20,open,,,
2024,18,Sheephole,spring,2024-04-20,shrub,,,
2024,18,Sheephole,spring,2024-04-20,open,,,
2024,19,Sheephole,spring,2024-04-20,shrub,y,,
2024,19,Sheephole,spring,2024-04-20,open,y,,
2024,20,Sheephole,spring,2024-04-20,shrub,y,,
2024,20,Sheephole,spring,2024-04-20,open,y,,
2024,21,Sheephole,spring,2024-04-20,shrub,,,
2024,21,Sheephole,spring,2024-04-20,open,,,
2024,22,Sheephole,spring,2024-04-20,shrub,,,
2024,22,Sheephole,spring,2024-04-20,open,,,
2024,23,Sheephole,spring,2024-04-20,shrub,,,
2024,23,Sheephole,spring,2024-04-20,open,,,
2024,24,Sheephole,spring,2024-04-20,shrub,y,,
2024,24,Sheephole,spring,2024-04-20,open,y,,
2024,25,Sheephole,spring,2024-04-20,shrub,y,,
2024,25,Sheephole,spring,2024-04-20,open,y,,
2024,26,Sheephole,spring,2024-04-20,shrub,,,
2024,26,Sheephole,spring,2024-04-20,open,,,
2024,27,Sheephole,spring,2024-04-20,shrub,,,
2024,27,Sheephole,spring,2024-04-20,open,,,
2024,28,Sheephole,spring,2024-04-20,shrub,,,
2024,28,Sheephole,spring,2024-04-20,open,,,
2024,29,Sheephole,spring,2024-04-20,shrub,y,,
2024,29,Sheephole,spring,2024-04-20,open,y,,
2024,30,Sheephole,spring,2024-04-20,shrub,y,,
2024,30,Sheephole,spring,2024-04-20,open,y,,
2024,31,Sheephole,spring,2024-04-20,shrub,,,
2024,31,Sheephole,spring,2024-04-20,open,,,
2024,32,Sheephole,spring,2024-04-20,shrub,,,
2024,32,Sheephole,spring,2024-04-20,open,,,
2024,33,Sheephole,spring,2024-04-20,shrub,,,
2024,33,Sheephole,spring,2024-04-20,open,,,
2024,34,Sheephole,spring,2024-04-20,shrub,y,,
2024,34,Sheephole,spring,2024-04-20,open,y,,
2024,35,Sheephole,spring,2024-04-20,shrub,y,,
2024,35,Sheephole,spring,2024-04-20,open,y,,
2024,36,Sheephole,spring,2024-04-20,shrub,,,
2024,36,Sheephole,spring,2024-04-20,open,,,
2024,37,Sheephole,spring,2024-04-20,shrub,,,
2024,37,Sheephole,spring,2024-04-20,open,,,
2024,38,Sheephole,spring,2024-04-20,shrub,,,
2024,38,Sheephole,spring,2024-04-20,open,,,
2024,39,Sheephole,spring,2024-04-20,shrub,y,,
2024,39,Sheephole,spring,2024-04-20,open,y,,
2024,40,Sheephole,spring,2024-04-20,shrub,y,,
2024,40,Sheephole,spring,2024-04-20,open,N,,
2024,1,Tecopa,spring,2024-04-16,shrub,,,
2024,1,Tecopa,spring,2024-04-16,open,,,
2024,2,Tecopa,spring,2024-04-16,shrub,,,
2024,2,Tecopa,spring,2024-04-16,open,,,
2024,3,Tecopa,spring,2024-04-16,shrub,,,
2024,3,Tecopa,spring,2024-04-16,open,,,
2024,4,Tecopa,spring,2024-04-16,shrub,y,,
2024,4,Tecopa,spring,2024-04-16,open,y,,
2024,5,Tecopa,spring,2024-04-16,shrub,y,,
2024,5,Tecopa,spring,2024-04-16,open,y,,
2024,6,Tecopa,spring,2024-04-16,shrub,,,
2024,6,Tecopa,spring,2024-04-16,open,,,
2024,7,Tecopa,spring,2024-04-16,shrub,,,
2024,7,Tecopa,spring,2024-04-16,open,,,
2024,8,Tecopa,spring,2024-04-16,shrub,,,
2024,8,Tecopa,spring,2024-04-16,open,,,
2024,9,Tecopa,spring,2024-04-16,shrub,y,,
2024,9,Tecopa,spring,2024-04-16,open,y,,
2024,10,Tecopa,spring,2024-04-16,shrub,y,,
2024,10,Tecopa,spring,2024-04-16,open,y,,
2024,11,Tecopa,spring,2024-04-16,shrub,,,
2024,11,Tecopa,spring,2024-04-16,open,,,
2024,12,Tecopa,spring,2024-04-16,shrub,,,
2024,12,Tecopa,spring,2024-04-16,open,,,
2024,13,Tecopa,spring,2024-04-16,shrub,,,
2024,13,Tecopa,spring,2024-04-16,open,,,
2024,14,Tecopa,spring,2024-04-16,shrub,y,,
2024,14,Tecopa,spring,2024-04-16,open,y,,
2024,15,Tecopa,spring,2024-04-16,shrub,y,,
2024,15,Tecopa,spring,2024-04-16,open,y,,
2024,16,Tecopa,spring,2024-04-16,shrub,,,
2024,16,Tecopa,spring,2024-04-16,open,,,
2024,17,Tecopa,spring,2024-04-16,shrub,,,
2024,17,Tecopa,spring,2024-04-16,open,,,
2024,18,Tecopa,spring,2024-04-16,shrub,,,
2024,18,Tecopa,spring,2024-04-16,open,,,
2024,19,Tecopa,spring,2024-04-16,shrub,y,,
2024,19,Tecopa,spring,2024-04-16,open,y,,
2024,20,Tecopa,spring,2024-04-16,shrub,y,,
2024,20,Tecopa,spring,2024-04-16,open,y,,
2024,21,Tecopa,spring,2024-04-16,shrub,,,
2024,21,Tecopa,spring,2024-04-16,open,,,
2024,22,Tecopa,spring,2024-04-16,shrub,,,
2024,22,Tecopa,spring,2024-04-16,open,,,
2024,23,Tecopa,spring,2024-04-16,shrub,,,
2024,23,Tecopa,spring,2024-04-16,open,,,
2024,24,Tecopa,spring,2024-04-16,shrub,y,,
2024,24,Tecopa,spring,2024-04-16,open,y,,
2024,25,Tecopa,spring,2024-04-16,shrub,y,,
2024,25,Tecopa,spring,2024-04-16,open,y,,
2024,26,Tecopa,spring,2024-04-16,shrub,,,
2024,26,Tecopa,spring,2024-04-16,open,,,
2024,27,Tecopa,spring,2024-04-16,shrub,,,
2024,27,Tecopa,spring,2024-04-16,open,,,
2024,28,Tecopa,spring,2024-04-16,shrub,,,
2024,28,Tecopa,spring,2024-04-16,open,,,
2024,29,Tecopa,spring,2024-04-16,shrub,y,,
2024,29,Tecopa,spring,2024-04-16,open,y,,
2024,30,Tecopa,spring,2024-04-16,shrub,y,,
2024,30,Tecopa,spring,2024-04-16,open,y,,
2024,31,Tecopa,spring,2024-04-16,shrub,,,
2024,31,Tecopa,spring,2024-04-16,open,,,
2024,32,Tecopa,spring,2024-04-16,shrub,,,
2024,32,Tecopa,spring,2024-04-16,open,,,
2024,33,Tecopa,spring,2024-04-16,shrub,,,
2024,33,Tecopa,spring,2024-04-16,open,,,
2024,34,Tecopa,spring,2024-04-16,shrub,y,,
2024,34,Tecopa,spring,2024-04-16,open,y,,
2024,35,Tecopa,spring,2024-04-16,shrub,y,,
2024,35,Tecopa,spring,2024-04-16,open,y,,
2024,36,Tecopa,spring,2024-04-16,shrub,,,
2024,36,Tecopa,spring,2024-04-16,open,,,
2024,37,Tecopa,spring,2024-04-16,shrub,,,
2024,37,Tecopa,spring,2024-04-16,open,,,
2024,38,Tecopa,spring,2024-04-16,shrub,,,
2024,38,Tecopa,spring,2024-04-16,open,,,
2024,39,Tecopa,spring,2024-04-16,shrub,y,,
2024,39,Tecopa,spring,2024-04-16,open,y,,
2024,40,Tecopa,spring,2024-04-16,shrub,y,,
2024,40,Tecopa,spring,2024-04-16,open,y,,
2024,1,Yucca,spring,2024-04-21,shrub,,,
2024,1,Yucca,spring,2024-04-21,open,,,
2024,2,Yucca,spring,2024-04-21,shrub,,,
2024,2,Yucca,spring,2024-04-21,open,,,
2024,3,Yucca,spring,2024-04-21,shrub,,,
2024,3,Yucca,spring,2024-04-21,open,,,
2024,4,Yucca,spring,2024-04-21,shrub,y,,
2024,4,Yucca,spring,2024-04-21,open,y,,
2024,5,Yucca,spring,2024-04-21,shrub,y,,
2024,5,Yucca,spring,2024-04-21,open,y,,
2024,6,Yucca,spring,2024-04-21,shrub,,,
2024,6,Yucca,spring,2024-04-21,open,,,
2024,7,Yucca,spring,2024-04-21,shrub,,,
2024,7,Yucca,spring,2024-04-21,open,,,
2024,8,Yucca,spring,2024-04-21,shrub,,,
2024,8,Yucca,spring,2024-04-21,open,,,
2024,9,Yucca,spring,2024-04-21,shrub,y,,
2024,9,Yucca,spring,2024-04-21,open,y,,
2024,10,Yucca,spring,2024-04-21,shrub,y,,
2024,10,Yucca,spring,2024-04-21,open,y,,
2024,11,Yucca,spring,2024-04-21,shrub,,,
2024,11,Yucca,spring,2024-04-21,open,,,
2024,12,Yucca,spring,2024-04-21,shrub,,,
2024,12,Yucca,spring,2024-04-21,open,,,
2024,13,Yucca,spring,2024-04-21,shrub,,,
2024,13,Yucca,spring,2024-04-21,open,,,
2024,14,Yucca,spring,2024-04-21,shrub,y,,
2024,14,Yucca,spring,2024-04-21,open,y,,
2024,15,Yucca,spring,2024-04-21,shrub,y,,
2024,15,Yucca,spring,2024-04-21,open,y,,
2024,16,Yucca,spring,2024-04-21,shrub,,,
2024,16,Yucca,spring,2024-04-21,open,,,
2024,17,Yucca,spring,2024-04-21,shrub,,,
2024,17,Yucca,spring,2024-04-21,open,,,
2024,18,Yucca,spring,2024-04-21,shrub,,,
2024,18,Yucca,spring,2024-04-21,open,,,
2024,19,Yucca,spring,2024-04-21,shrub,y,,
2024,19,Yucca,spring,2024-04-21,open,y,,
2024,20,Yucca,spring,2024-04-21,shrub,y,,
2024,20,Yucca,spring,2024-04-21,open,y,,
2024,21,Yucca,spring,2024-04-21,shrub,,,
2024,21,Yucca,spring,2024-04-21,open,,,
2024,23,Yucca,spring,2024-04-21,shrub,,,
2024,23,Yucca,spring,2024-04-21,open,,,
2024,22,Yucca,spring,2024-04-21,shrub,,,
2024,22,Yucca,spring,2024-04-21,open,,,
2024,24,Yucca,spring,2024-04-21,shrub,y,,
2024,24,Yucca,spring,2024-04-21,open,y,,
2024,25,Yucca,spring,2024-04-21,shrub,y,,
2024,25,Yucca,spring,2024-04-21,open,y,,
2024,26,Yucca,spring,2024-04-21,shrub,,,
2024,26,Yucca,spring,2024-04-21,open,,,
2024,27,Yucca,spring,2024-04-21,shrub,,,
2024,27,Yucca,spring,2024-04-21,open,,,
2024,28,Yucca,spring,2024-04-21,shrub,,,
2024,28,Yucca,spring,2024-04-21,open,,,
2024,29,Yucca,spring,2024-04-21,shrub,y,,
2024,29,Yucca,spring,2024-04-21,open,y,,
2024,30,Yucca,spring,2024-04-21,shrub,y,,
2024,30,Yucca,spring,2024-04-21,open,y,,
2024,31,Yucca,spring,2024-04-21,shrub,,,
2024,31,Yucca,spring,2024-04-21,open,,,
2024,32,Yucca,spring,2024-04-21,shrub,,,
2024,32,Yucca,spring,2024-04-21,open,,,
2024,33,Yucca,spring,2024-04-21,shrub,,,
2024,33,Yucca,spring,2024-04-21,open,,,
2024,34,Yucca,spring,2024-04-21,shrub,y,,
2024,34,Yucca,spring,2024-04-21,open,y,,
2024,35,Yucca,spring,2024-04-21,shrub,y,,
2024,35,Yucca,spring,2024-04-21,open,y,,
2024,36,Yucca,spring,2024-04-21,shrub,,,
2024,36,Yucca,spring,2024-04-21,open,,,
2024,37,Yucca,spring,2024-04-21,shrub,,,
2024,37,Yucca,spring,2024-04-21,open,,,
2024,38,Yucca,spring,2024-04-21,shrub,,,
2024,38,Yucca,spring,2024-04-21,open,,,
2024,39,Yucca,spring,2024-04-21,shrub,y,,
2024,39,Yucca,spring,2024-04-21,open,y,,
2024,40,Yucca,spring,2024-04-21,shrub,y,,
2024,40,Yucca,spring,2024-04-21,open,y,,
2023,1,Tecopa,summer,,shrub,,,
2023,1,Tecopa,summer,,open,,,
2023,2,Tecopa,summer,,shrub,,,
2023,2,Tecopa,summer,,open,,,
2023,3,Tecopa,summer,,shrub,,,
2023,3,Tecopa,summer,,open,,,
2023,4,Tecopa,summer,,shrub,y,,
2023,4,Tecopa,summer,,open,y,,
2023,5,Tecopa,summer,,shrub,y,,
2023,5,Tecopa,summer,,open,y,,
2023,6,Tecopa,summer,,shrub,,,
2023,6,Tecopa,summer,,open,,,
2023,7,Tecopa,summer,,shrub,,,
2023,7,Tecopa,summer,,open,,,
2023,8,Tecopa,summer,,shrub,,,
2023,8,Tecopa,summer,,open,,,
2023,9,Tecopa,summer,,shrub,y,,
2023,9,Tecopa,summer,,open,y,,
2023,10,Tecopa,summer,,shrub,y,,
2023,10,Tecopa,summer,,open,y,,
2023,11,Tecopa,summer,,shrub,,,
2023,11,Tecopa,summer,,open,,,
2023,12,Tecopa,summer,,shrub,,,
2023,12,Tecopa,summer,,open,,,
2023,13,Tecopa,summer,,shrub,,,
2023,13,Tecopa,summer,,open,,,
2023,14,Tecopa,summer,,shrub,y,,
2023,14,Tecopa,summer,,open,y,,
2023,15,Tecopa,summer,,shrub,y,,
2023,15,Tecopa,summer,,open,y,,
2023,16,Tecopa,summer,,shrub,,,
2023,16,Tecopa,summer,,open,,,
2023,17,Tecopa,summer,,shrub,,,
2023,17,Tecopa,summer,,open,,,
2023,18,Tecopa,summer,,shrub,,,
2023,18,Tecopa,summer,,open,,,
2023,19,Tecopa,summer,,shrub,y,,
2023,19,Tecopa,summer,,open,y,,
2023,20,Tecopa,summer,,shrub,y,,
2023,20,Tecopa,summer,,open,y,,
2023,21,Tecopa,summer,,shrub,,,
2023,21,Tecopa,summer,,open,,,
2023,22,Tecopa,summer,,shrub,,,
2023,22,Tecopa,summer,,open,,,
2023,23,Tecopa,summer,,shrub,,,
2023,23,Tecopa,summer,,open,,,
2023,24,Tecopa,summer,,shrub,y,,
2023,24,Tecopa,summer,,open,y,,
2023,25,Tecopa,summer,,shrub,y,,
2023,25,Tecopa,summer,,open,y,,
2023,26,Tecopa,summer,,shrub,,,
2023,26,Tecopa,summer,,open,,,
2023,27,Tecopa,summer,,shrub,,,
2023,27,Tecopa,summer,,open,,,
2023,28,Tecopa,summer,,shrub,,,
2023,28,Tecopa,summer,,open,,,
2023,29,Tecopa,summer,,shrub,y,,
2023,29,Tecopa,summer,,open,y,,
2023,30,Tecopa,summer,,shrub,y,,
2023,30,Tecopa,summer,,open,y,,
2023,34,Tecopa,summer,,shrub,y,,
2023,34,Tecopa,summer,,open,y,,
2023,35,Tecopa,summer,,shrub,y,,
2023,35,Tecopa,summer,,open,y,,
2023,39,Tecopa,summer,,shrub,y,,
2023,39,Tecopa,summer,,open,y,,
2023,40,Tecopa,summer,,shrub,y,,
2023,40,Tecopa,summer,,open,y,,
2023,1,Barstow,summer,,shrub,,,
2023,1,Barstow,summer,,open,,,
2023,2,Barstow,summer,,shrub,,,
2023,2,Barstow,summer,,open,,,
2023,3,Barstow,summer,,shrub,,,
2023,3,Barstow,summer,,open,,,
2023,4,Barstow,summer,,shrub,y,,
2023,4,Barstow,summer,,open,y,,
2023,5,Barstow,summer,,shrub,,,
2023,5,Barstow,summer,,open,,,
2023,6,Barstow,summer,,shrub,,,
2023,6,Barstow,summer,,open,,,
2023,7,Barstow,summer,,shrub,,,
2023,7,Barstow,summer,,open,,,
2023,8,Barstow,summer,,shrub,,,
2023,8,Barstow,summer,,open,,,
2023,9,Barstow,summer,,shrub,y,,
2023,9,Barstow,summer,,open,y,,
2023,10,Barstow,summer,,shrub,y,,
2023,10,Barstow,summer,,open,,,
2023,11,Barstow,summer,,shrub,,,
2023,11,Barstow,summer,,open,,,
2023,12,Barstow,summer,,shrub,,,
2023,12,Barstow,summer,,open,,,
2023,13,Barstow,summer,,shrub,,,
2023,13,Barstow,summer,,open,,,
2023,14,Barstow,summer,,shrub,y,,
2023,14,Barstow,summer,,open,y,,
2023,15,Barstow,summer,,shrub,,,
2023,15,Barstow,summer,,open,,,
2023,16,Barstow,summer,,shrub,,,
2023,16,Barstow,summer,,open,,,
2023,17,Barstow,summer,,shrub,,,
2023,17,Barstow,summer,,open,,,
2023,18,Barstow,summer,,shrub,,,
2023,18,Barstow,summer,,open,,,
2023,19,Barstow,summer,,shrub,,,
2023,19,Barstow,summer,,open,,,
2023,20,Barstow,summer,,shrub,,,
2023,20,Barstow,summer,,open,,,
2023,21,Barstow,summer,,shrub,,,
2023,21,Barstow,summer,,open,,,
2023,22,Barstow,summer,,shrub,,,
2023,22,Barstow,summer,,open,,,
2023,23,Barstow,summer,,shrub,,,
2023,23,Barstow,summer,,open,,,
2023,24,Barstow,summer,,shrub,,,
2023,24,Barstow,summer,,open,,,
2023,25,Barstow,summer,,shrub,,,
2023,25,Barstow,summer,,open,,,
2023,26,Barstow,summer,,shrub,,,
2023,26,Barstow,summer,,open,,,
2023,27,Barstow,summer,,shrub,,,
2023,27,Barstow,summer,,open,y,,
2023,28,Barstow,summer,,shrub,,,
2023,28,Barstow,summer,,open,,,
2023,29,Barstow,summer,,shrub,,,
2023,29,Barstow,summer,,open,,,
2023,30,Barstow,summer,,shrub,,,
2023,30,Barstow,summer,,open,y,,
2023,1,Cuyama 1,summer,,shrub,,,
2023,1,Cuyama 1,summer,,open,,,
2023,2,Cuyama 1,summer,,shrub,,,
2023,2,Cuyama 1,summer,,open,,,
2023,3,Cuyama 1,summer,,shrub,,,
2023,3,Cuyama 1,summer,,open,,,
2023,4,Cuyama 1,summer,,shrub,y,,
2023,4,Cuyama 1,summer,,open,y,,
2023,5,Cuyama 1,summer,,shrub,y,,
2023,5,Cuyama 1,summer,,open,y,,
2023,6,Cuyama 1,summer,,shrub,,,
2023,6,Cuyama 1,summer,,open,,,
2023,7,Cuyama 1,summer,,shrub,,,
2023,7,Cuyama 1,summer,,open,,,
2023,8,Cuyama 1,summer,,shrub,,,
2023,8,Cuyama 1,summer,,open,,,
2023,9,Cuyama 1,summer,,shrub,y,,
2023,9,Cuyama 1,summer,,open,y,,
2023,10,Cuyama 1,summer,,shrub,y,,
2023,10,Cuyama 1,summer,,open,y,,
2023,11,Cuyama 1,summer,,shrub,,,
2023,11,Cuyama 1,summer,,open,,,
2023,12,Cuyama 1,summer,,shrub,,,
2023,12,Cuyama 1,summer,,open,,,
2023,13,Cuyama 1,summer,,shrub,,,
2023,13,Cuyama 1,summer,,open,,,
2023,14,Cuyama 1,summer,,shrub,y,,
2023,14,Cuyama 1,summer,,open,y,,
2023,15,Cuyama 1,summer,,shrub,y,,
2023,15,Cuyama 1,summer,,open,y,,
2023,16,Cuyama 1,summer,,shrub,,,
2023,16,Cuyama 1,summer,,open,,,
2023,17,Cuyama 1,summer,,shrub,,,
2023,17,Cuyama 1,summer,,open,,,
2023,18,Cuyama 1,summer,,shrub,,,
2023,18,Cuyama 1,summer,,open,,,
2023,19,Cuyama 1,summer,,shrub,y,,
2023,19,Cuyama 1,summer,,open,y,,
2023,20,Cuyama 1,summer,,shrub,y,,
2023,20,Cuyama 1,summer,,open,y,,
2023,21,Cuyama 1,summer,,shrub,,,
2023,21,Cuyama 1,summer,,open,,,
2023,22,Cuyama 1,summer,,shrub,,,
2023,22,Cuyama 1,summer,,open,,,
2023,23,Cuyama 1,summer,,shrub,,,
2023,23,Cuyama 1,summer,,open,,,
2023,24,Cuyama 1,summer,,shrub,y,,
2023,24,Cuyama 1,summer,,open,y,,
2023,25,Cuyama 1,summer,,shrub,y,,
2023,25,Cuyama 1,summer,,open,y,,
2023,26,Cuyama 1,summer,,shrub,,,
2023,26,Cuyama 1,summer,,open,,,
2023,27,Cuyama 1,summer,,shrub,,,
2023,27,Cuyama 1,summer,,open,,,
2023,28,Cuyama 1,summer,,shrub,,,
2023,28,Cuyama 1,summer,,open,,,
2023,29,Cuyama 1,summer,,shrub,y,,
2023,29,Cuyama 1,summer,,open,y,,
2023,30,Cuyama 1,summer,,shrub,y,,
2023,30,Cuyama 1,summer,,open,y,,
2023,1,Cuyama 2,summer,,shrub,,,
2023,1,Cuyama 2,summer,,open,,,
2023,2,Cuyama 2,summer,,shrub,,,
2023,2,Cuyama 2,summer,,open,,,
2023,3,Cuyama 2,summer,,shrub,,,
2023,3,Cuyama 2,summer,,open,,,
2023,4,Cuyama 2,summer,,shrub,y,,
2023,4,Cuyama 2,summer,,open,y,,
2023,5,Cuyama 2,summer,,shrub,y,,
2023,5,Cuyama 2,summer,,open,y,,
2023,6,Cuyama 2,summer,,shrub,,,
2023,6,Cuyama 2,summer,,open,,,
2023,7,Cuyama 2,summer,,shrub,,,
2023,7,Cuyama 2,summer,,open,,,
2023,8,Cuyama 2,summer,,shrub,,,
2023,8,Cuyama 2,summer,,open,,,
2023,9,Cuyama 2,summer,,shrub,y,,
2023,9,Cuyama 2,summer,,open,y,,
2023,10,Cuyama 2,summer,,shrub,y,,
2023,10,Cuyama 2,summer,,open,y,,
2023,11,Cuyama 2,summer,,shrub,,,
2023,11,Cuyama 2,summer,,open,,,
2023,12,Cuyama 2,summer,,shrub,,,
2023,12,Cuyama 2,summer,,open,,,
2023,13,Cuyama 2,summer,,shrub,,,
2023,13,Cuyama 2,summer,,open,,,
2023,14,Cuyama 2,summer,,shrub,y,,
2023,14,Cuyama 2,summer,,open,y,,
2023,15,Cuyama 2,summer,,shrub,y,,
2023,15,Cuyama 2,summer,,open,y,,
2023,16,Cuyama 2,summer,,shrub,,,
2023,16,Cuyama 2,summer,,open,,,
2023,17,Cuyama 2,summer,,shrub,,,
2023,17,Cuyama 2,summer,,open,,,
2023,18,Cuyama 2,summer,,shrub,,,
2023,18,Cuyama 2,summer,,open,,,
2023,19,Cuyama 2,summer,,shrub,y,,
2023,19,Cuyama 2,summer,,open,y,,
2023,20,Cuyama 2,summer,,shrub,y,,
2023,20,Cuyama 2,summer,,open,y,,
2023,21,Cuyama 2,summer,,shrub,,,
2023,21,Cuyama 2,summer,,open,,,
2023,22,Cuyama 2,summer,,shrub,,,
2023,22,Cuyama 2,summer,,open,,,
2023,23,Cuyama 2,summer,,shrub,,,
2023,23,Cuyama 2,summer,,open,,,
2023,24,Cuyama 2,summer,,shrub,y,,
2023,24,Cuyama 2,summer,,open,y,,
2023,25,Cuyama 2,summer,,shrub,y,,
2023,25,Cuyama 2,summer,,open,y,,
2023,26,Cuyama 2,summer,,shrub,,,
2023,26,Cuyama 2,summer,,open,,,
2023,27,Cuyama 2,summer,,shrub,,,
2023,27,Cuyama 2,summer,,open,,,
2023,28,Cuyama 2,summer,,shrub,,,
2023,28,Cuyama 2,summer,,open,,,
2023,29,Cuyama 2,summer,,shrub,y,,
2023,29,Cuyama 2,summer,,open,y,,
2023,30,Cuyama 2,summer,,shrub,y,,
2023,30,Cuyama 2,summer,,open,y,,
2023,1,Sheephole,summer,,shrub,,,
2023,1,Sheephole,summer,,open,,,
2023,2,Sheephole,summer,,shrub,,,
2023,2,Sheephole,summer,,open,,,
2023,3,Sheephole,summer,,shrub,,,
2023,3,Sheephole,summer,,open,,,
2023,4,Sheephole,summer,,shrub,y,,
2023,4,Sheephole,summer,,open,y,,
2023,5,Sheephole,summer,,shrub,y,,
2023,5,Sheephole,summer,,open,y,,
2023,6,Sheephole,summer,,shrub,,,
2023,6,Sheephole,summer,,open,,,
2023,7,Sheephole,summer,,shrub,,,
2023,7,Sheephole,summer,,open,,,
2023,8,Sheephole,summer,,shrub,,,
2023,8,Sheephole,summer,,open,,,
2023,9,Sheephole,summer,,shrub,y,,
2023,9,Sheephole,summer,,open,y,,
2023,10,Sheephole,summer,,shrub,y,,
2023,10,Sheephole,summer,,open,y,,
2023,11,Sheephole,summer,,shrub,,,
2023,11,Sheephole,summer,,open,,,
2023,12,Sheephole,summer,,shrub,,,
2023,12,Sheephole,summer,,open,,,
2023,13,Sheephole,summer,,shrub,,,
2023,13,Sheephole,summer,,open,,,
2023,14,Sheephole,summer,,shrub,y,,
2023,14,Sheephole,summer,,open,y,,
2023,15,Sheephole,summer,,shrub,y,,
2023,15,Sheephole,summer,,open,y,,
2023,16,Sheephole,summer,,shrub,,,
2023,16,Sheephole,summer,,open,,,
2023,17,Sheephole,summer,,shrub,,,
2023,17,Sheephole,summer,,open,,,
2023,18,Sheephole,summer,,shrub,,,
2023,18,Sheephole,summer,,open,,,
2023,19,Sheephole,summer,,shrub,y,,
2023,19,Sheephole,summer,,open,y,,
2023,20,Sheephole,summer,,shrub,y,,
2023,20,Sheephole,summer,,open,y,,
2023,21,Sheephole,summer,,shrub,,,
2023,21,Sheephole,summer,,open,,,
2023,22,Sheephole,summer,,shrub,,,
2023,22,Sheephole,summer,,open,,,
2023,23,Sheephole,summer,,shrub,,,
2023,23,Sheephole,summer,,open,,,
2023,24,Sheephole,summer,,shrub,y,,
2023,24,Sheephole,summer,,open,y,,
2023,25,Sheephole,summer,,shrub,y,,
2023,25,Sheephole,summer,,open,y,,
2023,26,Sheephole,summer,,shrub,,,
2023,26,Sheephole,summer,,open,,,
2023,27,Sheephole,summer,,shrub,,,
2023,27,Sheephole,summer,,open,,,
2023,28,Sheephole,summer,,shrub,,,
2023,28,Sheephole,summer,,open,,,
2023,29,Sheephole,summer,,shrub,y,,
2023,29,Sheephole,summer,,open,y,,
2023,30,Sheephole,summer,,shrub,y,,
2023,30,Sheephole,summer,,open,y,,
2023,34,Sheephole,summer,,shrub,y,,
2023,34,Sheephole,summer,,open,y,,
2023,35,Sheephole,summer,,shrub,y,,
2023,35,Sheephole,summer,,open,y,,
2023,39,Sheephole,summer,,shrub,y,,
2023,39,Sheephole,summer,,open,y,,
2023,40,Sheephole,summer,,shrub,y,,
2023,40,Sheephole,summer,,open,y,,
2023,1,HOM,summer,,shrub,,,
2023,1,HOM,summer,,open,,,
2023,2,HOM,summer,,shrub,,,
2023,2,HOM,summer,,open,,,
2023,3,HOM,summer,,shrub,,,
2023,3,HOM,summer,,open,,,
2023,4,HOM,summer,,shrub,y,,
2023,4,HOM,summer,,open,y,,
2023,5,HOM,summer,,shrub,y,,
2023,5,HOM,summer,,open,y,,
2023,6,HOM,summer,,shrub,,,
2023,6,HOM,summer,,open,,,
2023,7,HOM,summer,,shrub,,,
2023,7,HOM,summer,,open,,,
2023,8,HOM,summer,,shrub,,,
2023,8,HOM,summer,,open,,,
2023,9,HOM,summer,,shrub,y,,
2023,9,HOM,summer,,open,y,,
2023,10,HOM,summer,,shrub,y,,
2023,10,HOM,summer,,open,y,,
2023,11,HOM,summer,,shrub,,,
2023,11,HOM,summer,,open,,,
2023,12,HOM,summer,,shrub,,,
2023,12,HOM,summer,,open,,,
2023,13,HOM,summer,,shrub,,,
2023,13,HOM,summer,,open,,,
2023,14,HOM,summer,,shrub,y,,
2023,14,HOM,summer,,open,y,,
2023,15,HOM,summer,,shrub,y,,
2023,15,HOM,summer,,open,y,,
2023,16,HOM,summer,,shrub,,,
2023,16,HOM,summer,,open,,,
2023,17,HOM,summer,,shrub,,,
2023,17,HOM,summer,,open,,,
2023,18,HOM,summer,,shrub,,,
2023,18,HOM,summer,,open,,,
2023,19,HOM,summer,,shrub,y,,
2023,19,HOM,summer,,open,y,,
2023,20,HOM,summer,,shrub,y,,
2023,20,HOM,summer,,open,y,,
2023,21,HOM,summer,,shrub,,,
2023,21,HOM,summer,,open,,,
2023,22,HOM,summer,,shrub,,,
2023,22,HOM,summer,,open,,,
2023,23,HOM,summer,,shrub,,,
2023,23,HOM,summer,,open,,,
2023,24,HOM,summer,,shrub,y,,
2023,24,HOM,summer,,open,y,,
2023,25,HOM,summer,,shrub,y,,
2023,25,HOM,summer,,open,y,,
2023,26,HOM,summer,,shrub,,,
2023,26,HOM,summer,,open,,,
2023,27,HOM,summer,,shrub,,,
2023,27,HOM,summer,,open,,,
2023,28,HOM,summer,,shrub,,,
2023,28,HOM,summer,,open,,,
2023,29,HOM,summer,,shrub,y,,
2023,29,HOM,summer,,open,y,,
2023,30,HOM,summer,,shrub,y,,
2023,30,HOM,summer,,open,y,,
2023,1,Yucca,summer,,shrub,,,
2023,1,Yucca,summer,,open,,,
2023,2,Yucca,summer,,shrub,,,
2023,2,Yucca,summer,,open,,,
2023,3,Yucca,summer,,shrub,,,
2023,3,Yucca,summer,,open,,,
2023,4,Yucca,summer,,shrub,N,,
2023,4,Yucca,summer,,open,N,,
2023,5,Yucca,summer,,shrub,N,,
2023,5,Yucca,summer,,open,N,,
2023,6,Yucca,summer,,shrub,,,
2023,6,Yucca,summer,,open,,,
2023,7,Yucca,summer,,shrub,,,
2023,7,Yucca,summer,,open,,,
2023,8,Yucca,summer,,shrub,N,,
2023,8,Yucca,summer,,open,N,,
2023,9,Yucca,summer,,shrub,N,,
2023,9,Yucca,summer,,open,N,,
2023,10,Yucca,summer,,shrub,,,
2023,10,Yucca,summer,,open,,,
2023,11,Yucca,summer,,shrub,,,
2023,11,Yucca,summer,,open,,,
2023,12,Yucca,summer,,shrub,,,
2023,12,Yucca,summer,,open,,,
2023,13,Yucca,summer,,shrub,,,
2023,13,Yucca,summer,,open,,,
2023,14,Yucca,summer,,shrub,y,,
2023,14,Yucca,summer,,open,y,,
2023,15,Yucca,summer,,shrub,N,,
2023,15,Yucca,summer,,open,y,,
2023,16,Yucca,summer,,shrub,,,
2023,16,Yucca,summer,,open,,,
2023,17,Yucca,summer,,shrub,,,
2023,17,Yucca,summer,,open,,,
2023,18,Yucca,summer,,shrub,,,
2023,18,Yucca,summer,,open,,,
2023,19,Yucca,summer,,shrub,N,,
2023,19,Yucca,summer,,open,y,,
2023,20,Yucca,summer,,shrub,y,,
2023,20,Yucca,summer,,open,y,,
2023,21,Yucca,summer,,shrub,,,
2023,21,Yucca,summer,,open,,,
2023,22,Yucca,summer,,shrub,,,
2023,22,Yucca,summer,,open,,,
2023,23,Yucca,summer,,shrub,,,
2023,23,Yucca,summer,,open,,,
2023,24,Yucca,summer,,shrub,N,,
2023,24,Yucca,summer,,open,N,,
2023,25,Yucca,summer,,shrub,N,,
2023,25,Yucca,summer,,open,y,,
2023,26,Yucca,summer,,shrub,,,
2023,26,Yucca,summer,,open,,,
2023,27,Yucca,summer,,shrub,,,
2023,27,Yucca,summer,,open,,,
2023,28,Yucca,summer,,shrub,,,
2023,28,Yucca,summer,,open,,,
2023,29,Yucca,summer,,shrub,N,,
2023,29,Yucca,summer,,open,N,,
2023,30,Yucca,summer,,shrub,N,,
2023,30,Yucca,summer,,open,N,,
