"","Year","Season","Site","label","count","highest.rtu","Order","Family","Tribe","Genus","Species","X","X.1"
"1",2023,"spring","HOM","S29",1,"","Hymenoptera","Formicidae","","Aphaenogaster","Aphaenogaster megommata","",""
"2",2023,"spring","HOM","S30",1,"","Hymenoptera","Formicidae","","Aphaenogaster","Aphaenogaster megommata","",""
"3",2024,"spring","Sheephole","O19",1,"","Hymenoptera","Formicidae","","Aphaenogaster","Aphaenogaster megommata","",""
"4",2024,"spring","Sheephole","O20",1,"","Hymenoptera","Formicidae","","Aphaenogaster","Aphaenogaster megommata","",""
"5",2024,"spring","Sheephole","S19",1,"","Hymenoptera","Formicidae","","Aphaenogaster","Aphaenogaster megommata","",""
"6",2023,"summer","Tecopa","O10",1,"","Hymenoptera","Formicidae","","Aphaenogaster","Aphaenogaster megommata","",""
"7",2023,"summer","Tecopa","O14",1,"","Hymenoptera","Formicidae","","Aphaenogaster","Aphaenogaster megommata","",""
"8",2023,"summer","Tecopa","O24",1,"","Hymenoptera","Formicidae","","Aphaenogaster","Aphaenogaster megommata","",""
"9",2023,"summer","Tecopa","O29",1,"","Hymenoptera","Formicidae","","Aphaenogaster","Aphaenogaster megommata","",""
"10",2023,"summer","Tecopa","O35",1,"","Hymenoptera","Formicidae","","Aphaenogaster","Aphaenogaster megommata","",""
"11",2023,"summer","Tecopa","S10",2,"","Hymenoptera","Formicidae","","Aphaenogaster","Aphaenogaster megommata","",""
"12",2023,"summer","Tecopa","S14",1,"","Hymenoptera","Formicidae","","Aphaenogaster","Aphaenogaster megommata","",""
"13",2023,"summer","Tecopa","S15",1,"","Hymenoptera","Formicidae","","Aphaenogaster","Aphaenogaster megommata","",""
"14",2023,"summer","Tecopa","S19",3,"","Hymenoptera","Formicidae","","Aphaenogaster","Aphaenogaster megommata","",""
"15",2023,"summer","Tecopa","S20",1,"","Hymenoptera","Formicidae","","Aphaenogaster","Aphaenogaster megommata","",""
"16",2023,"summer","Tecopa","S25",2,"","Hymenoptera","Formicidae","","Aphaenogaster","Aphaenogaster megommata","",""
"17",2023,"summer","Tecopa","S29",1,"","Hymenoptera","Formicidae","","Aphaenogaster","Aphaenogaster megommata","",""
"18",2023,"summer","Tecopa","S9",1,"","Hymenoptera","Formicidae","","Aphaenogaster","Aphaenogaster megommata","",""
"19",2024,"spring","Tecopa","O19",1,"","Hymenoptera","Formicidae","","Aphaenogaster","Aphaenogaster megommata","",""
"20",2024,"spring","Tecopa","S10",3,"","Hymenoptera","Formicidae","","Aphaenogaster","Aphaenogaster megommata","",""
"21",2024,"spring","Tecopa","S14",2,"","Hymenoptera","Formicidae","","Aphaenogaster","Aphaenogaster megommata","",""
"22",2024,"spring","Tecopa","S19",2,"","Hymenoptera","Formicidae","","Aphaenogaster","Aphaenogaster megommata","",""
"23",2024,"spring","Tecopa","S24",1,"","Hymenoptera","Formicidae","","Aphaenogaster","Aphaenogaster megommata","",""
"24",2024,"spring","Tecopa","S29",1,"","Hymenoptera","Formicidae","","Aphaenogaster","Aphaenogaster megommata","",""
"25",2024,"spring","Tecopa","S30",1,"","Hymenoptera","Formicidae","","Aphaenogaster","Aphaenogaster megommata","",""
"26",2024,"spring","Tecopa","S34",1,"","Hymenoptera","Formicidae","","Aphaenogaster","Aphaenogaster megommata","",""
"27",2024,"spring","Tecopa","S39",1,"","Hymenoptera","Formicidae","","Aphaenogaster","Aphaenogaster megommata","",""
"28",2023,"spring","Sheephole","S10",2,"","Hymenoptera","Formicidae","","Crematogaster","Crematogaster depilis","",""
"29",2023,"spring","Sheephole","S5",4,"","Hymenoptera","Formicidae","","Crematogaster","Crematogaster depilis","",""
"30",2023,"summer","Sheephole","O5",1,"","Hymenoptera","Formicidae","","Crematogaster","Crematogaster depilis","",""
"31",2023,"summer","Sheephole","S4",2,"","Hymenoptera","Formicidae","","Crematogaster","Crematogaster depilis","",""
"32",2023,"summer","Sheephole","S5",1,"","Hymenoptera","Formicidae","","Crematogaster","Crematogaster depilis","",""
"33",2023,"spring","Tecopa","S4",1,"","Hymenoptera","Formicidae","","Crematogaster","Crematogaster depilis","",""
"34",2024,"spring","Tecopa","S9",1,"","Hymenoptera","Formicidae","","Crematogaster","Crematogaster depilis","",""
"35",2024,"spring","Yucca","S19",1,"","Hymenoptera","Formicidae","","Crematogaster","Crematogaster depilis","",""
"36",2023,"spring","Barstow","S9",1,"","Hymenoptera","Formicidae","","Dorymyrmex","Dorymyrmex insanus","",""
"37",2023,"spring","Cuyama 2","S25",1,"","Hymenoptera","Formicidae","","Dorymyrmex","Dorymyrmex insanus","",""
"38",2023,"summer","Cuyama 2","O10",3,"","Hymenoptera","Formicidae","","Dorymyrmex","Dorymyrmex insanus","",""
"39",2023,"summer","Cuyama 2","O9",2,"","Hymenoptera","Formicidae","","Dorymyrmex","Dorymyrmex insanus","",""
"40",2023,"summer","Cuyama 2","S10",3,"","Hymenoptera","Formicidae","","Dorymyrmex","Dorymyrmex insanus","",""
"41",2023,"summer","Cuyama 2","S4",1,"","Hymenoptera","Formicidae","","Dorymyrmex","Dorymyrmex insanus","",""
"42",2023,"summer","Cuyama 2","S9",1,"","Hymenoptera","Formicidae","","Dorymyrmex","Dorymyrmex insanus","",""
"43",2023,"spring","HOM","O9",1,"","Hymenoptera","Formicidae","","Dorymyrmex","Dorymyrmex insanus","","damaged sample while dissecting"
"44",2024,"spring","HOM","O10",1,"","Hymenoptera","Formicidae","","Dorymyrmex","Dorymyrmex insanus","",""
"45",2024,"spring","HOM","S10",1,"","Hymenoptera","Formicidae","","Dorymyrmex","Dorymyrmex insanus","",""
"46",2024,"spring","Sheephole","O5",4,"","Hymenoptera","Formicidae","","Dorymyrmex","Dorymyrmex insanus","",""
"47",2024,"spring","Tecopa","O14",2,"","Hymenoptera","Formicidae","","Dorymyrmex","Dorymyrmex insanus","",""
"48",2023,"spring","Yucca","S24",1,"","Hymenoptera","Formicidae","","Dorymyrmex","Dorymyrmex insanus","",""
"49",2024,"spring","Yucca","O35",2,"","Hymenoptera","Formicidae","","Dorymyrmex","Dorymyrmex insanus","more yellow than I'm used to",""
"50",2024,"spring","Yucca","S10",3,"","Hymenoptera","Formicidae","","Dorymyrmex","Dorymyrmex insanus","",""
"51",2024,"spring","Yucca","S39",1,"","Hymenoptera","Formicidae","","Dorymyrmex","Dorymyrmex insanus","",""
"52",2023,"spring","Barstow","O19",2,"","Hymenoptera","Formicidae","","Forelius","Forelius mccooki","",""
"53",2023,"spring","Yucca","nolabel",4,"","Hymenoptera","Formicidae","","Forelius","Forelius mccooki","",""
"54",2023,"spring","Yucca","O14",1,"","Hymenoptera","Formicidae","","Forelius","Forelius mccooki","",""
"55",2023,"spring","Yucca","O19",1,"","Hymenoptera","Formicidae","","Forelius","Forelius mccooki","",""
"56",2023,"spring","Yucca","O20",2,"","Hymenoptera","Formicidae","","Forelius","Forelius mccooki","",""
"57",2023,"spring","Yucca","O24",2,"","Hymenoptera","Formicidae","","Forelius","Forelius mccooki","",""
"58",2023,"spring","Yucca","O25",1,"","Hymenoptera","Formicidae","","Forelius","Forelius mccooki","",""
"59",2023,"spring","Yucca","O9",1,"","Hymenoptera","Formicidae","","Forelius","Forelius mccooki","",""
"60",2023,"spring","Yucca","S14",1,"","Hymenoptera","Formicidae","","Forelius","Forelius mccooki","",""
"61",2023,"spring","Yucca","S29",1,"","Hymenoptera","Formicidae","","Forelius","Forelius mccooki","",""
"62",2023,"summer","Yucca","O14",2,"","Hymenoptera","Formicidae","","Forelius","Forelius mccooki","",""
"63",2023,"summer","Yucca","O15",2,"","Hymenoptera","Formicidae","","Forelius","Forelius mccooki","",""
"64",2023,"summer","Yucca","O25",6,"","Hymenoptera","Formicidae","","Forelius","Forelius mccooki","",""
"65",2023,"summer","Yucca","O30",2,"","Hymenoptera","Formicidae","","Forelius","Forelius mccooki","",""
"66",2023,"summer","Yucca","S15",2,"","Hymenoptera","Formicidae","","Forelius","Forelius mccooki","",""
"67",2023,"summer","Yucca","S20",2,"","Hymenoptera","Formicidae","","Forelius","Forelius mccooki","",""
"68",2024,"spring","Yucca","O19",1,"","Hymenoptera","Formicidae","","Forelius","Forelius mccooki","",""
"69",2024,"spring","Yucca","O35",1,"","Hymenoptera","Formicidae","","Forelius","Forelius mccooki","",""
"70",2024,"spring","Yucca","S19",1,"","Hymenoptera","Formicidae","","Forelius","Forelius mccooki","",""
"71",2024,"spring","Yucca","S35",3,"","Hymenoptera","Formicidae","","Forelius","Forelius mccooki","",""
"72",2024,"spring","Yucca","S9",1,"","Hymenoptera","Formicidae","","Forelius","Forelius mccooki","",""
"73",2023,"summer","Cuyama 1","S30",1,"","Hymenoptera","Formicidae","","Forelius","Forelius pruinosis","",""
"74",2023,"spring","Cuyama 2","O10",1,"","Hymenoptera","Formicidae","","Forelius","Forelius pruinosis","",""
"75",2023,"spring","Cuyama 2","O20",1,"","Hymenoptera","Formicidae","","Forelius","Forelius pruinosis","",""
"76",2023,"summer","Cuyama 2","O10",2,"","Hymenoptera","Formicidae","","Forelius","Forelius pruinosis","",""
"77",2023,"summer","Cuyama 2","O19",4,"","Hymenoptera","Formicidae","","Forelius","Forelius pruinosis","",""
"78",2023,"summer","Cuyama 2","O2",1,"","Hymenoptera","Formicidae","","Forelius","Forelius pruinosis","",""
"79",2023,"summer","Cuyama 2","O24",1,"","Hymenoptera","Formicidae","","Forelius","Forelius pruinosis","",""
"80",2023,"summer","Cuyama 2","O25",1,"","Hymenoptera","Formicidae","","Forelius","Forelius pruinosis","",""
"81",2024,"spring","Cuyama 2","O35",1,"","Hymenoptera","Formicidae","","Forelius","Forelius pruinosis","",""
"82",2023,"spring","Sheephole","O29",1,"","Hymenoptera","Formicidae","","Forelius","Forelius pruinosis","",""
"83",2023,"spring","Sheephole","O30",1,"","Hymenoptera","Formicidae","","Forelius","Forelius pruinosis","",""
"84",2023,"spring","Sheephole","S30",1,"","Hymenoptera","Formicidae","","Forelius","Forelius pruinosis","",""
"85",2023,"summer","Sheephole","O35",2,"","Hymenoptera","Formicidae","","Forelius","Forelius pruinosis","",""
"86",2024,"spring","Sheephole","S20",1,"","Hymenoptera","Formicidae","","Forelius","Forelius pruinosis","",""
"87",2024,"spring","HOM","O10",1,"","Hymenoptera","Formicidae","","Leptothorax?","Leptothorax","",""
"88",2024,"spring","Sheephole","O4",1,"","Hymenoptera","Formicidae","","Leptothorax?","Leptothorax","",""
"89",2023,"summer","Sheephole","O25",1,"","Hymenoptera","Formicidae","","Leptothorax?","Leptothorax","",""
"90",2024,"spring","Yucca","O35",1,"","Hymenoptera","Formicidae","","Leptothorax?","Leptothorax","",""
"91",2023,"spring","Barstow","O14",3,"","Hymenoptera","Formicidae","","Messor","Messor pergandei","",""
"92",2023,"spring","Barstow","O19",2,"","Hymenoptera","Formicidae","","Messor","Messor pergandei","",""
"93",2023,"spring","Barstow","O20",1,"","Hymenoptera","Formicidae","","Messor","Messor pergandei","",""
"94",2023,"spring","Barstow","O30",1,"","Hymenoptera","Formicidae","","Messor","Messor pergandei","",""
"95",2023,"spring","Barstow","S15",1,"","Hymenoptera","Formicidae","","Messor","Messor pergandei","",""
"96",2023,"spring","Barstow","S20",3,"","Hymenoptera","Formicidae","","Messor","Messor pergandei","",""
"97",2023,"spring","Barstow","S24",1,"","Hymenoptera","Formicidae","","Messor","Messor pergandei","",""
"98",2023,"spring","Barstow","S25",1,"","Hymenoptera","Formicidae","","Messor","Messor pergandei","",""
"99",2024,"spring","Barstow","O9",1,"","Hymenoptera","Formicidae","","Messor","Messor pergandei","",""
"100",2024,"spring","Barstow","S29",3,"","Hymenoptera","Formicidae","","Messor","Messor pergandei","",""
"101",2024,"spring","Barstow","S5",1,"","Hymenoptera","Formicidae","","Messor","Messor pergandei","",""
"102",2023,"summer","Cuyama 1","O20",20,"","Hymenoptera","Formicidae","","Messor","Messor pergandei","",""
"103",2023,"summer","Cuyama 1","O29",85,"","Hymenoptera","Formicidae","","Messor","Messor pergandei","",""
"104",2023,"summer","Cuyama 2","O30",1,"","Hymenoptera","Formicidae","","Messor","Messor pergandei","",""
"105",2023,"spring","HOM","O24",2,"","Hymenoptera","Formicidae","","Messor","Messor pergandei","",""
"106",2023,"spring","HOM","O25",5,"","Hymenoptera","Formicidae","","Messor","Messor pergandei","",""
"107",2023,"spring","HOM","O4",3,"","Hymenoptera","Formicidae","","Messor","Messor pergandei","",""
"108",2023,"summer","HOM","O14",1,"","Hymenoptera","Formicidae","","Messor","Messor pergandei","",""
"109",2024,"spring","HOM","O14",3,"","Hymenoptera","Formicidae","","Messor","Messor pergandei","",""
"110",2024,"spring","HOM","O15",7,"","Hymenoptera","Formicidae","","Messor","Messor pergandei","",""
"111",2024,"spring","HOM","O19",2,"","Hymenoptera","Formicidae","","Messor","Messor pergandei","",""
"112",2024,"spring","HOM","O20",1,"","Hymenoptera","Formicidae","","Messor","Messor pergandei","",""
"113",2023,"spring","Tecopa","nolabel",2,"","Hymenoptera","Formicidae","","Messor","Messor pergandei","",""
"114",2023,"spring","Tecopa","nolabel",1,"","Hymenoptera","Formicidae","","Messor","Messor pergandei","",""
"115",2023,"spring","Tecopa","O4",4,"","Hymenoptera","Formicidae","","Messor","Messor pergandei","",""
"116",2023,"spring","Tecopa","O9",1,"","Hymenoptera","Formicidae","","Messor","Messor pergandei","",""
"117",2023,"spring","Tecopa","S9",1,"","Hymenoptera","Formicidae","","Messor","Messor pergandei","",""
"118",2023,"summer","Tecopa","nolabel",2,"","Hymenoptera","Formicidae","","Messor","Messor pergandei","",""
"119",2023,"summer","Tecopa","nolabel",3,"","Hymenoptera","Formicidae","","Messor","Messor pergandei","",""
"120",2023,"summer","Tecopa","O10",5,"","Hymenoptera","Formicidae","","Messor","Messor pergandei","",""
"121",2023,"summer","Tecopa","O14",3,"","Hymenoptera","Formicidae","","Messor","Messor pergandei","",""
"122",2023,"summer","Tecopa","O15",3,"","Hymenoptera","Formicidae","","Messor","Messor pergandei","",""
"123",2023,"summer","Tecopa","O19",1,"","Hymenoptera","Formicidae","","Messor","Messor pergandei","",""
"124",2023,"summer","Tecopa","O20",1,"","Hymenoptera","Formicidae","","Messor","Messor pergandei","",""
"125",2023,"summer","Tecopa","O25",2,"","Hymenoptera","Formicidae","","Messor","Messor pergandei","",""
"126",2023,"summer","Tecopa","O29",1,"","Hymenoptera","Formicidae","","Messor","Messor pergandei","",""
"127",2023,"summer","Tecopa","O30",6,"","Hymenoptera","Formicidae","","Messor","Messor pergandei","",""
"128",2023,"summer","Tecopa","O35",1,"","Hymenoptera","Formicidae","","Messor","Messor pergandei","",""
"129",2023,"summer","Tecopa","O39",1,"","Hymenoptera","Formicidae","","Messor","Messor pergandei","",""
"130",2023,"summer","Tecopa","S10",1,"","Hymenoptera","Formicidae","","Messor","Messor pergandei","",""
"131",2023,"summer","Tecopa","S25",1,"","Hymenoptera","Formicidae","","Messor","Messor pergandei","",""
"132",2023,"summer","Tecopa","S29",1,"","Hymenoptera","Formicidae","","Messor","Messor pergandei","",""
"133",2024,"spring","Tecopa","S10",1,"","Hymenoptera","Formicidae","","Messor","Messor pergandei","",""
"134",2024,"spring","Tecopa","S40",1,"","Hymenoptera","Formicidae","","Messor","Messor pergandei","",""
"135",2023,"spring","Sheephole","O24",1,"","Hymenoptera","Formicidae","","Monomorium","Monomorium ergotyna/minima","",""
"136",2023,"spring","Sheephole","S24",1,"","Hymenoptera","Formicidae","","Monomorium","Monomorium ergotyna/minima","",""
"137",2023,"summer","Sheephole","O25",1,"","Hymenoptera","Formicidae","","Monomorium","Monomorium ergotyna/minima","new to me!!",""
"138",2023,"summer","Sheephole","O29",1,"","Hymenoptera","Formicidae","","Monomorium","Monomorium ergotyna/minima","",""
"139",2023,"summer","Sheephole","O30",4,"","Hymenoptera","Formicidae","","Monomorium","Monomorium ergotyna/minima","",""
"140",2023,"summer","Sheephole","S34",1,"","Hymenoptera","Formicidae","","Monomorium","Monomorium ergotyna/minima","",""
"141",2023,"spring","Tecopa","O29",1,"","Hymenoptera","Formicidae","","Monomorium","Monomorium ergotyna/minima","",""
"142",2023,"summer","Tecopa","O25",1,"","Hymenoptera","Formicidae","","Monomorium","Monomorium ergotyna/minima","",""
"143",2023,"summer","Tecopa","O30",1,"","Hymenoptera","Formicidae","","Monomorium","Monomorium ergotyna/minima","",""
"144",2023,"summer","Tecopa","S30",1,"","Hymenoptera","Formicidae","","Monomorium","Monomorium ergotyna/minima","",""
"145",2023,"summer","Cuyama 2","O24",2,"","Hymenoptera","Formicidae","","Myrmecocystus","Myrmecocystus mexicanus","",""
"146",2024,"spring","Sheephole","O5",1,"","Hymenoptera","Formicidae","","Myrmecocystus","Myrmecocystus yuma","",""
"147",2024,"spring","Cuyama 2","O20",3,"","Hymenoptera","Formicidae","","Myrmecocystus","Myrmecocystus mexicanus","",""
"148",2024,"spring","Cuyama 1","S15",1,"","Hymenoptera","Formicidae","","Myrmecocystus","Myrmecocystus testaceus","",""
"149",2023,"spring","Sheephole","S4",1,"","Hymenoptera","Formicidae","","Myrmecocystus","Myrmecocystus ewarti","",""
"150",2024,"spring","Sheephole","O34",1,"","Hymenoptera","Formicidae","","Myrmecocystus","Myrmecocystus ewarti","",""
"151",2023,"spring","Sheephole","S15",2,"","Hymenoptera","Formicidae","","Myrmecocystus","Myrmecocystus ewarti","",""
"152",2023,"spring","Sheephole","S19",1,"","Hymenoptera","Formicidae","","Myrmecocystus","Myrmecocystus ewarti","",""
"153",2023,"spring","Sheephole","S20",1,"","Hymenoptera","Formicidae","","Myrmecocystus","Myrmecocystus ewarti","",""
"154",2023,"spring","Sheephole","S30",2,"","Hymenoptera","Formicidae","","Myrmecocystus","Myrmecocystus ewarti","",""
"155",2023,"spring","Sheephole","S5",1,"","Hymenoptera","Formicidae","","Myrmecocystus","Myrmecocystus ewarti","",""
"156",2023,"spring","Sheephole","S9",2,"","Hymenoptera","Formicidae","","Myrmecocystus","Myrmecocystus ewarti","",""
"157",2023,"spring","Sheephole","O1",1,"","Hymenoptera","Formicidae","","Myrmecocystus","Myrmecocystus flaviceps","",""
"158",2023,"spring","Sheephole","O15",1,"","Hymenoptera","Formicidae","","Myrmecocystus","Myrmecocystus flaviceps","",""
"159",2023,"spring","Sheephole","O25",2,"","Hymenoptera","Formicidae","","Myrmecocystus","Myrmecocystus flaviceps","",""
"160",2024,"spring","Sheephole","S19",1,"","Hymenoptera","Formicidae","","Myrmecocystus","Myrmecocystus flaviceps","",""
"161",2023,"spring","Sheephole","S9",1,"","Hymenoptera","Formicidae","","Myrmecocystus","Myrmecocystus flaviceps","",""
"162",2023,"summer","Yucca","O30",2,"","Hymenoptera","Formicidae","","Myrmecocystus","Myrmecocystus flaviceps","",""
"163",2023,"spring","Barstow","O9",1,"","Hymenoptera","Formicidae","","Myrmecocystus","Myrmecocystus kennedyi","",""
"164",2023,"spring","Barstow","S19",1,"","Hymenoptera","Formicidae","","Myrmecocystus","Myrmecocystus kennedyi","",""
"165",2023,"summer","Cuyama 1","O14",1,"","Hymenoptera","Formicidae","","Myrmecocystus","Myrmecocystus kennedyi","",""
"166",2023,"summer","Cuyama 1","O15",1,"","Hymenoptera","Formicidae","","Myrmecocystus","Myrmecocystus kennedyi","",""
"167",2023,"summer","Cuyama 1","O4",2,"","Hymenoptera","Formicidae","","Myrmecocystus","Myrmecocystus kennedyi","",""
"168",2023,"summer","Cuyama 1","S14",1,"","Hymenoptera","Formicidae","","Myrmecocystus","Myrmecocystus kennedyi","",""
"169",2023,"summer","Cuyama 2","O30",1,"","Hymenoptera","Formicidae","","Myrmecocystus","Myrmecocystus kennedyi","",""
"170",2023,"spring","HOM","O19",1,"","Hymenoptera","Formicidae","","Myrmecocystus","Myrmecocystus kennedyi","",""
"171",2024,"spring","HOM","O9",1,"","Hymenoptera","Formicidae","","Myrmecocystus","Myrmecocystus lugubris","",""
"172",2023,"spring","HOM","S15",1,"","Hymenoptera","Formicidae","","Myrmecocystus","Myrmecocystus mexicanus","",""
"173",2024,"spring","Yucca","O20",7,"","Hymenoptera","Formicidae","","Myrmecocystus","Myrmecocystus mexicanus","",""
"174",2024,"spring","Yucca","O24",1,"","Hymenoptera","Formicidae","","Myrmecocystus","Myrmecocystus mexicanus","",""
"175",2023,"spring","Yucca","S10",1,"","Hymenoptera","Formicidae","","Myrmecocystus","Myrmecocystus mexicanus","",""
"176",2023,"summer","Yucca","S5",1,"","Hymenoptera","Formicidae","","Myrmecocystus","Myrmecocystus mexicanus","",""
"177",2023,"spring","Tecopa","S5",1,"","Hymenoptera","Formicidae","","Myrmecocystus","Myrmecocystus semirufus","",""
"178",2023,"spring","Tecopa","O20",1,"","Hymenoptera","Formicidae","","Myrmecocystus","Myrmecocystus tenuinodis","",""
"179",2023,"spring","Sheephole","O15",1,"","Hymenoptera","Formicidae","","Myrmecocystus","Myrmecocystus yuma","",""
"180",2023,"spring","Sheephole","S5",1,"","Hymenoptera","Formicidae","","Myrmecocystus","Myrmecocystus yuma","",""
"181",2023,"summer","Sheephole","O35",1,"","Hymenoptera","Formicidae","","Myrmecocystus","Myrmecocystus yuma","",""
"182",2024,"spring","Sheephole","O20",1,"","Hymenoptera","Formicidae","","Myrmecocystus","Myrmecocystus yuma","",""
"183",2024,"spring","Sheephole","O5",1,"","Hymenoptera","Formicidae","","Myrmecocystus","Myrmecocystus yuma","",""
"184",2024,"spring","Sheephole","S19",1,"","Hymenoptera","Formicidae","","Myrmecocystus","Myrmecocystus yuma","",""
"185",2023,"spring","Yucca","S14",5,"","Hymenoptera","Formicidae","","Pheidole","Pheidole desertorum","one major",""
"186",2023,"spring","Yucca","S25",1,"","Hymenoptera","Formicidae","","Pheidole","Pheidole desertorum","",""
"187",2023,"summer","Yucca","O14",4,"","Hymenoptera","Formicidae","","Pheidole","Pheidole desertorum","",""
"188",2023,"summer","Yucca","O25",11,"","Hymenoptera","Formicidae","","Pheidole","Pheidole desertorum","1 major",""
"189",2023,"summer","Yucca","S20",1,"","Hymenoptera","Formicidae","","Pheidole","Pheidole desertorum","",""
"190",2023,"summer","Yucca","S5",4,"","Hymenoptera","Formicidae","","Pheidole","Pheidole desertorum","",""
"191",2024,"spring","Yucca","O10",1,"","Hymenoptera","Formicidae","","Pheidole","Pheidole desertorum","",""
"192",2024,"spring","Yucca","O34",1,"","Hymenoptera","Formicidae","","Pheidole","Pheidole desertorum","",""
"193",2024,"spring","Yucca","O39",1,"","Hymenoptera","Formicidae","","Pheidole","Pheidole desertorum","",""
"194",2024,"spring","Yucca","O4",1,"","Hymenoptera","Formicidae","","Pheidole","Pheidole desertorum","",""
"195",2024,"spring","Yucca","O40",1,"","Hymenoptera","Formicidae","","Pheidole","Pheidole desertorum","",""
"196",2024,"spring","Yucca","S34",2,"","Hymenoptera","Formicidae","","Pheidole","Pheidole desertorum","",""
"197",2023,"summer","Cuyama 1","O29",2,"","Hymenoptera","Formicidae","","Pheidole","Pheidole hyatti","",""
"198",2023,"summer","Cuyama 1","S14",1,"","Hymenoptera","Formicidae","","Pheidole","Pheidole hyatti","",""
"199",2023,"spring","Cuyama 2","O10",1,"","Hymenoptera","Formicidae","","Pheidole","Pheidole hyatti","",""
"200",2023,"spring","Cuyama 2","S10",1,"","Hymenoptera","Formicidae","","Pheidole","Pheidole hyatti","",""
"201",2023,"summer","Cuyama 2","O14",1,"","Hymenoptera","Formicidae","","Pheidole","Pheidole hyatti","",""
"202",2023,"summer","Cuyama 2","O15",2,"","Hymenoptera","Formicidae","","Pheidole","Pheidole hyatti","",""
"203",2023,"summer","Cuyama 2","O19",2,"","Hymenoptera","Formicidae","","Pheidole","Pheidole hyatti","",""
"204",2023,"summer","Cuyama 2","O24",1,"","Hymenoptera","Formicidae","","Pheidole","Pheidole hyatti","",""
"205",2023,"summer","Cuyama 2","O25",1,"","Hymenoptera","Formicidae","","Pheidole","Pheidole hyatti","",""
"206",2023,"summer","Cuyama 2","O4",1,"","Hymenoptera","Formicidae","","Pheidole","Pheidole hyatti","",""
"207",2023,"summer","Cuyama 2","S10",1,"","Hymenoptera","Formicidae","","Pheidole","Pheidole hyatti","",""
"208",2023,"summer","Cuyama 2","S15",3,"","Hymenoptera","Formicidae","","Pheidole","Pheidole hyatti","",""
"209",2023,"summer","Cuyama 2","S19",6,"","Hymenoptera","Formicidae","","Pheidole","Pheidole hyatti","",""
"210",2023,"summer","Cuyama 2","S25",1,"","Hymenoptera","Formicidae","","Pheidole","Pheidole hyatti","",""
"211",2023,"summer","Cuyama 2","S5",1,"","Hymenoptera","Formicidae","","Pheidole","Pheidole hyatti","major",""
"212",2024,"spring","Cuyama 2","O34",1,"","Hymenoptera","Formicidae","","Pheidole","Pheidole hyatti","",""
"213",2024,"spring","Cuyama 2","O35",1,"","Hymenoptera","Formicidae","","Pheidole","Pheidole hyatti","",""
"214",2024,"spring","Cuyama 2","S14",1,"","Hymenoptera","Formicidae","","Pheidole","Pheidole hyatti","",""
"215",2024,"spring","Cuyama 2","S20",1,"","Hymenoptera","Formicidae","","Pheidole","Pheidole hyatti","",""
"216",2024,"spring","Cuyama 2","S29",2,"","Hymenoptera","Formicidae","","Pheidole","Pheidole hyatti","",""
"217",2024,"spring","Cuyama 2","S34",1,"","Hymenoptera","Formicidae","","Pheidole","Pheidole hyatti","",""
"218",2024,"spring","HOM","S25",1,"","Hymenoptera","Formicidae","","Pheidole","Pheidole hyatti","",""
"219",2024,"spring","HOM","S29",7,"","Hymenoptera","Formicidae","","Pheidole","Pheidole hyatti","",""
"220",2023,"spring","Sheephole","O29",1,"","Hymenoptera","Formicidae","","Pheidole","Pheidole vistana","",""
"221",2023,"spring","Sheephole","O30",2,"","Hymenoptera","Formicidae","","Pheidole","Pheidole vistana","",""
"222",2023,"spring","Sheephole","S30",2,"","Hymenoptera","Formicidae","","Pheidole","Pheidole vistana","",""
"223",2023,"summer","Sheephole","O4",1,"","Hymenoptera","Formicidae","","Pheidole","Pheidole vistana","",""
"224",2023,"summer","Sheephole","S15",2,"","Hymenoptera","Formicidae","","Pheidole","Pheidole vistana","",""
"225",2023,"spring","Cuyama 2","O25",1,"","Hymenoptera","Formicidae","","Pogonomyrmex","Pogonomyrmex","",""
"226",2023,"summer","Cuyama 2","O10",1,"","Hymenoptera","Formicidae","","Pogonomyrmex","Pogonomyrmex","",""
"227",2023,"summer","Cuyama 2","O2",2,"","Hymenoptera","Formicidae","","Pogonomyrmex","Pogonomyrmex","1 alate",""
"228",2023,"summer","Cuyama 2","O24",1,"","Hymenoptera","Formicidae","","Pogonomyrmex","Pogonomyrmex","",""
"229",2023,"summer","Cuyama 2","O25",1,"","Hymenoptera","Formicidae","","Pogonomyrmex","Pogonomyrmex","",""
"230",2023,"summer","Cuyama 2","O29",1,"","Hymenoptera","Formicidae","","Pogonomyrmex","Pogonomyrmex","",""
"231",2023,"summer","Cuyama 2","O4",3,"","Hymenoptera","Formicidae","","Pogonomyrmex","Pogonomyrmex","",""
"232",2023,"summer","Cuyama 2","O5",1,"","Hymenoptera","Formicidae","","Pogonomyrmex","Pogonomyrmex","",""
"233",2023,"spring","Sheephole","O29",1,"","Hymenoptera","Formicidae","","Pogonomyrmex","Pogonomyrmex californicus","",""
"234",2023,"spring","Sheephole","O30",1,"","Hymenoptera","Formicidae","","Pogonomyrmex","Pogonomyrmex californicus","",""
"235",2024,"spring","Sheephole","O5",1,"","Hymenoptera","Formicidae","","Pogonomyrmex","Pogonomyrmex californicus","",""
"236",2023,"spring","Tecopa","nolabel",1,"","Hymenoptera","Formicidae","","Pogonomyrmex","Pogonomyrmex californicus","",""
"237",2023,"spring","Tecopa","nolabel",1,"","Hymenoptera","Formicidae","","Pogonomyrmex","Pogonomyrmex californicus","",""
"238",2023,"spring","Tecopa","O24",1,"","Hymenoptera","Formicidae","","Pogonomyrmex","Pogonomyrmex californicus","",""
"239",2023,"spring","Tecopa","O9",1,"","Hymenoptera","Formicidae","","Pogonomyrmex","Pogonomyrmex californicus","",""
"240",2023,"spring","Tecopa","S19",1,"","Hymenoptera","Formicidae","","Pogonomyrmex","Pogonomyrmex californicus","",""
"241",2023,"summer","Tecopa","nolabel",1,"","Hymenoptera","Formicidae","","Pogonomyrmex","Pogonomyrmex californicus","",""
"242",2023,"summer","Tecopa","O19",2,"","Hymenoptera","Formicidae","","Pogonomyrmex","Pogonomyrmex californicus","",""
"243",2023,"summer","Tecopa","O29",1,"","Hymenoptera","Formicidae","","Pogonomyrmex","Pogonomyrmex californicus","",""
"244",2023,"summer","Tecopa","O4",1,"","Hymenoptera","Formicidae","","Pogonomyrmex","Pogonomyrmex californicus","",""
"245",2023,"summer","Tecopa","S10",1,"","Hymenoptera","Formicidae","","Pogonomyrmex","Pogonomyrmex californicus","",""
"246",2023,"summer","Tecopa","S19",1,"","Hymenoptera","Formicidae","","Pogonomyrmex","Pogonomyrmex californicus","",""
"247",2023,"summer","Tecopa","S9",2,"","Hymenoptera","Formicidae","","Pogonomyrmex","Pogonomyrmex californicus","",""
"248",2024,"spring","Tecopa","O10",1,"","Hymenoptera","Formicidae","","Pogonomyrmex","Pogonomyrmex californicus","",""
"249",2024,"spring","Tecopa","S29",2,"","Hymenoptera","Formicidae","","Pogonomyrmex","Pogonomyrmex californicus","",""
"250",2024,"spring","Yucca","S9",1,"","Hymenoptera","Formicidae","","Pogonomyrmex","Pogonomyrmex rugusus","",""
"251",2024,"spring","Cuyama 1","O4",1,"","Hymenoptera","Formicidae","","Solenopsis","Solenopsis molesta","",""
"252",2024,"spring","Cuyama 1","S15",1,"","Hymenoptera","Formicidae","","Solenopsis","Solenopsis molesta","",""
"253",2024,"spring","Cuyama 1","S19",2,"","Hymenoptera","Formicidae","","Solenopsis","Solenopsis molesta","",""
"254",2023,"summer","Cuyama 2","O9",1,"","Hymenoptera","Formicidae","","Solenopsis","Solenopsis molesta","",""
"255",2023,"summer","Cuyama 2","S20",1,"","Hymenoptera","Formicidae","","Solenopsis","Solenopsis molesta","",""
"256",2023,"spring","Barstow","S30",1,"","Hymenoptera","Formicidae","","Solenopsis","Solenopsis xyloni","",""
"257",2024,"spring","Barstow","S10",1,"","Hymenoptera","Formicidae","","Solenopsis","Solenopsis xyloni","",""
"258",2024,"spring","Barstow","S20",10,"","Hymenoptera","Formicidae","","Solenopsis","Solenopsis xyloni","",""
"259",2024,"spring","Barstow","S24",3,"","Hymenoptera","Formicidae","","Solenopsis","Solenopsis xyloni","",""
"260",2024,"spring","Barstow","S30",1,"","Hymenoptera","Formicidae","","Solenopsis","Solenopsis xyloni","",""
"261",2024,"spring","Barstow","S39",3,"","Hymenoptera","Formicidae","","Solenopsis","Solenopsis xyloni","",""
"262",2024,"spring","Barstow","S4",1,"","Hymenoptera","Formicidae","","Solenopsis","Solenopsis xyloni","",""
"263",2023,"spring","Cuyama 1","S10",1,"","Hymenoptera","Formicidae","","Solenopsis","Solenopsis xyloni","",""
"264",2023,"summer","Cuyama 1","O15",1,"","Hymenoptera","Formicidae","","Solenopsis","Solenopsis xyloni","alate",""
"265",2024,"spring","Cuyama 1","O24",1,"","Hymenoptera","Formicidae","","Solenopsis","Solenopsis xyloni","",""
"266",2024,"spring","Cuyama 1","O30",1,"","Hymenoptera","Formicidae","","Solenopsis","Solenopsis xyloni","",""
"267",2024,"spring","Cuyama 1","O4",1,"","Hymenoptera","Formicidae","","Solenopsis","Solenopsis xyloni","",""
"268",2024,"spring","Cuyama 1","O5",1,"","Hymenoptera","Formicidae","","Solenopsis","Solenopsis xyloni","",""
"269",2024,"spring","Cuyama 1","S19",2,"","Hymenoptera","Formicidae","","Solenopsis","Solenopsis xyloni","",""
"270",2024,"spring","Cuyama 1","S25",2,"","Hymenoptera","Formicidae","","Solenopsis","Solenopsis xyloni","",""
"271",2024,"spring","Cuyama 1","S30",5,"","Hymenoptera","Formicidae","","Solenopsis","Solenopsis xyloni","",""
"272",2024,"spring","Cuyama 1","S4",2,"","Hymenoptera","Formicidae","","Solenopsis","Solenopsis xyloni","",""
"273",2024,"spring","Cuyama 1","S40",2,"","Hymenoptera","Formicidae","","Solenopsis","Solenopsis xyloni","",""
"274",2024,"spring","Cuyama 1","S5",3,"","Hymenoptera","Formicidae","","Solenopsis","Solenopsis xyloni","",""
"275",2023,"spring","Cuyama 2","S14",1,"","Hymenoptera","Formicidae","","Solenopsis","Solenopsis xyloni","",""
"276",2023,"spring","Cuyama 2","S30",2,"","Hymenoptera","Formicidae","","Solenopsis","Solenopsis xyloni","",""
"277",2023,"summer","Cuyama 2","O14",1,"","Hymenoptera","Formicidae","","Solenopsis","Solenopsis xyloni","alate",""
"278",2023,"summer","Cuyama 2","O30",1,"","Hymenoptera","Formicidae","","Solenopsis","Solenopsis xyloni","alate",""
"279",2023,"summer","Cuyama 2","S30",2,"","Hymenoptera","Formicidae","","Solenopsis","Solenopsis xyloni","",""
"280",2024,"spring","Cuyama 2","missing label",1,"","Hymenoptera","Formicidae","","Solenopsis","Solenopsis xyloni","",""
"281",2024,"spring","Cuyama 2","O19",3,"","Hymenoptera","Formicidae","","Solenopsis","Solenopsis xyloni","",""
"282",2024,"spring","Cuyama 2","O25",2,"","Hymenoptera","Formicidae","","Solenopsis","Solenopsis xyloni","",""
"283",2024,"spring","Cuyama 2","S15",2,"","Hymenoptera","Formicidae","","Solenopsis","Solenopsis xyloni","",""
"284",2024,"spring","Cuyama 2","S19",1,"","Hymenoptera","Formicidae","","Solenopsis","Solenopsis xyloni","",""
"285",2024,"spring","Cuyama 2","S20",1,"","Hymenoptera","Formicidae","","Solenopsis","Solenopsis xyloni","",""
"286",2024,"spring","Cuyama 2","S34",2,"","Hymenoptera","Formicidae","","Solenopsis","Solenopsis xyloni","",""
"287",2024,"spring","Cuyama 2","S4",1,"","Hymenoptera","Formicidae","","Solenopsis","Solenopsis xyloni","",""
"288",2024,"spring","Cuyama 2","S5",2,"","Hymenoptera","Formicidae","","Solenopsis","Solenopsis xyloni","",""
"289",2023,"summer","Cuyama 2","S20",1,"","Hymenoptera","Formicidae","","Solenopsis","Solenopsis xyloni","queen/alate",""
"290",2023,"summer","HOM","O5",3,"","Hymenoptera","Formicidae","","Solenopsis","Solenopsis xyloni","",""
"291",2023,"summer","HOM","S24",1,"","Hymenoptera","Formicidae","","Solenopsis","Solenopsis xyloni","",""
"292",2024,"spring","HOM","S29",1,"","Hymenoptera","Formicidae","","Solenopsis","Solenopsis xyloni","",""
"293",2024,"spring","HOM","S34",1,"","Hymenoptera","Formicidae","","Solenopsis","Solenopsis xyloni","",""
"294",2024,"spring","Sheephole","S34",4,"","Hymenoptera","Formicidae","","Solenopsis","Solenopsis xyloni","",""
"295",2024,"spring","Sheephole","S35",1,"","Hymenoptera","Formicidae","","Solenopsis","Solenopsis xyloni","",""
"296",2024,"spring","Tecopa","S5",1,"","Hymenoptera","Formicidae","","Solenopsis","Solenopsis xyloni","",""
"297",2023,"spring","Yucca","O9",1,"","Hymenoptera","Formicidae","","Solenopsis","Solenopsis xyloni","",""
"298",2023,"spring","Yucca","S10",3,"","Hymenoptera","Formicidae","","Solenopsis","Solenopsis xyloni","",""
"299",2023,"summer","Yucca","S10",1,"","Hymenoptera","Formicidae","","Solenopsis","Solenopsis xyloni","",""
"300",2023,"summer","Yucca","S20",1,"","Hymenoptera","Formicidae","","Solenopsis","Solenopsis xyloni","",""
"301",2023,"summer","Yucca","S9",1,"","Hymenoptera","Formicidae","","Solenopsis","Solenopsis xyloni","",""
"302",2024,"spring","Yucca","O10",1,"","Hymenoptera","Formicidae","","Solenopsis","Solenopsis xyloni","",""
"303",2024,"spring","Yucca","O25",1,"","Hymenoptera","Formicidae","","Solenopsis","Solenopsis xyloni","",""
"304",2024,"spring","Yucca","O30",1,"","Hymenoptera","Formicidae","","Solenopsis","Solenopsis xyloni","",""
"305",2024,"spring","Yucca","O40",1,"","Hymenoptera","Formicidae","","Solenopsis","Solenopsis xyloni","",""
"306",2024,"spring","Yucca","S19",1,"","Hymenoptera","Formicidae","","Solenopsis","Solenopsis xyloni","",""
"307",2024,"spring","Yucca","S24",1,"","Hymenoptera","Formicidae","","Solenopsis","Solenopsis xyloni","",""
"308",2024,"spring","Yucca","S25",3,"","Hymenoptera","Formicidae","","Solenopsis","Solenopsis xyloni","",""
"309",2024,"spring","Yucca","S29",2,"","Hymenoptera","Formicidae","","Solenopsis","Solenopsis xyloni","",""
"310",2024,"spring","Yucca","S30",1,"","Hymenoptera","Formicidae","","Solenopsis","Solenopsis xyloni","",""
"311",2024,"spring","Yucca","S39",3,"","Hymenoptera","Formicidae","","Solenopsis","Solenopsis xyloni","",""
"312",2024,"spring","Yucca","S4",1,"","Hymenoptera","Formicidae","","Solenopsis","Solenopsis xyloni","",""
"313",2024,"spring","Yucca","S40",2,"","Hymenoptera","Formicidae","","Solenopsis","Solenopsis xyloni","",""
"314",2024,"spring","Yucca","S9",1,"","Hymenoptera","Formicidae","","Solenopsis","Solenopsis xyloni","",""
