Year,Rep,Site,Date,Microsite,ID notes,Schismus barbatus,Crypantha sp.,Lepidium fremontii ,Chorizanthe brevicornu,Eriophyllum wallacei,Chylismia caliviformis,Menzelia sp.,Loeseliastrum schotti,Calyptridium monandrum,Chorizanthe (riverside?),Pectocarya,fuzzypinnatecuy2,Chorizanthhe rigida,Rafinesquia californica,Sisymbrium altissimum,Chylismia brevipes,Rafinesquia neomexicana,Brassica tournefortii,Pectocarya sp.,Descurainia pinnata,Stipa pulchra,broadcuy2,Linanthus dumosa,Caulanthus lasiophyllus,Eriogonum,Festuca octaflora,tiny fuzzy white,Acmispon wrangelianus,unknownallgreenCUY1,Chaenactis fremonti,spikygren CUY1,Herniaria cinerea,Malacothrix glabrata,Eleymus glaucus,Erodium cicutarium,Bromus rubens,Lasthenia californica,Eremalche parryi,woolystar?,Camissonia campestris,Festuca microstachys,Hordeum murinum,Astragalus didymocarpus/lentigonsus,Bromus diandrus,Castilleja exserta,Bromus diandrus?,Poa secunda?,Bromus tectorum?,Bromus diandrs?,Salvia carduacea,Amsinckia,small grass,white phace vine,Phacelia tanacetifolia,Lastarriaea coriacea,Eriophyllum pringlei,Leptosiphon liniflorus,unk,unknown2cuy2(zigzag),Eriogonum,Eremocarya??,Eschscholzia Glyptosperma,Geranium californicum,Phacelia fremontii,unk,Chaenactis carphoclinia,Cryptantha nevadensis,Astragalus nuttallianus?,Lepidium,Festuca?,Globemallow?,Lupinus sp.,unk,Allium?,Dasyochloa pulchella
,,,,,,med grass,,,long leaf/spiky HOM,wallace wooly,brown-eyed primrose,,little sunbonnets,,,long with tiny whitish flowers,,furry leaf with spikes,,,yellow primrose,desert chicory,sahara mustard,,,,,,,yellow flowered,,yellow stamen,,,pincushion,,,,wild blue rye,,,Gokldfields,purple,unknown white fuzzy on leaves cuy 1/unknown bud,yellow cuyama,,barley,purple pinnate,ripgut brome,purple cone,tall slender grass,bluestem,cuyama grass1,cuyama grass2,"fuzzy purple, thistle sage",,,,,spiky,low fuzzy yello,,red and yellow,,"dried out, sheephole",white fuzzy hom,,"california geranium, drawn outline",,tiny buckwheat,slender green YG,,milkvetch,lepium YG,shhort grass Yg,like bells,lupine,flat round,unknown YG,fluffy white
2023,1,Cuyama 1,2023-04-28,shrub,,,,,,,,,,,,,,,,,,,,,,,,,,,,,,,,,,,,,0,,,,,,,,,,,,,,,,,,,,,,,,,,,,,,,,,,,,,,,
2023,1,Cuyama 1,2023-04-28,open,,4,,,,,,,,,,,,,,,,,,,,,,,,,,,,,,,,,,6,1,148,,,,,,,,,,,,,,,,,,,,,,,,,,,,,,,,,,,,,,
2023,2,Cuyama 1,2023-04-28,shrub,,,,,,,,,,,,,,,,,,,,,,,,,,,,,,,,,,,,,43,,,,,,,,,,,,,,,,,,,,,,,,,,,,,,,,,,,,,,,
2023,2,Cuyama 1,2023-04-28,open,,4,,,,,,,,,,,,,,,,,,,,,,,,,,,,,,,,,,5,8,58,,,,,,,,,,,,,,,,,,,,,,,,,,,,,,,,,,,,,,
2023,3,Cuyama 1,2023-04-28,shrub,,,,,,,,,,,,,,,,,,,,,,,,,,,,,,,,,,,,,11,,,,,,,,,,,,,,,,,,,,,,,,,,,,,,,,,,,,,,,
2023,3,Cuyama 1,2023-04-28,open,,18,,,,,,,,,,,,,,,,,,,,,,,,,,,,,,,,,,7,26,30,1,,,,,,,,,,,,,,,,,,,,,,,,,,,,,,,,,,,,,
2023,4,Cuyama 1,2023-04-28,shrub,,,,,,,,,,,,,,,,,,,,,,,,,,,,,,,,,,,,,55,,,,,,,,,,,,,,,,,,,,,,,,,,,,,,,,,,,,,,,
2023,4,Cuyama 1,2023-04-28,open,,33,,,,,,,,,,,,,,,,,,,,,,,,,,,,,,,,,,3,2,152,,,,,,,,,,,,,,,,,,,,,,,,,,,,,,,,,,,,,,
2023,5,Cuyama 1,2023-04-28,shrub,,,,,,,,,,,,,,,,,,,,,,,,,,,,,,,,,,,,,63,,,,,,,,,,,,,,,,,,,,,,,,,,,,,,,,,,,,,,,
2023,5,Cuyama 1,2023-04-28,open,,14,,,,,,,,,,,,,,,,,, ,,,,,,,,,,,,,,,,9,1,86,,,,,,,,,,,,,,,,,,,,,,,,,,,,,,,,,,,,,,
2023,6,Cuyama 1,2023-04-28,shrub,,,,,,,,,,,,,,,,,,,,,,,,,,,,,,,,,,,,,46,,,,,,,,,,,,,,,,,,,,,,,,,,,,,,,,,,,,,,,
2023,6,Cuyama 1,2023-04-28,open,,7,,,,,,,,,,,,,,,,,,,,,,,,,,,,,,,,,,5,2,106,,,,,,,,,,,,,,,,,,,,,,,,,,,,,,,,,,,,,,
2023,7,Cuyama 1,2023-04-28,shrub,,,,,,,,,,,,,,,,,,,,,,,,,,,,,,,,,,,,,19,,,,,,,,,,,,,,,,,,,,,,,,,,,,,,,,,,,,,,,
2023,7,Cuyama 1,2023-04-28,open,,1,,,,,,,,,,,,,,,,,,,,,,,,,,,,,,,,,,3,3,99,1,,,,,,,,,,,,,,,,,,,,,,,,,,,,,,,,,,,,,
2023,8,Cuyama 1,2023-04-28,shrub,,,,,,,,,,,,,,,,,,,,,,,,,,,,,,,,,,,,,76,,,,,,,,,,,,,,,,,,,,,,,,,,,,,,,,,,,,,,,
2023,8,Cuyama 1,2023-04-28,open,,11,,,,,,,,,,,,,,,,,,,,,,,,,,,,,,,,,,4,,103,1,1,,,,,1,,,,,,,,,,,,,,,,,,,,,,,,,,,,,,,
2023,9,Cuyama 1,2023-04-28,shrub,,,,,,,,,,,,,,,,,,,,,,,,,,,,,,,,,,,,,58,,2,,,,,,,,,,,,,,,,,,,,,,,,,,,,,,,,,,,,,
2023,9,Cuyama 1,2023-04-28,open,,5,,,,,,,,,,,,,,,,,,,,,,,,,,,,,,,,,,3,2,90,,,1,,,,,,,,,,,,,,,,,,,,,,,,,,,,,,,,,,,
2023,10,Cuyama 1,2023-04-28,shrub,,,,,,,,,,,,,,,,,,,,,,,,,,,,,,,,,,,,5,39,1,,,,,24,,,,,,,,,,,,,,,,,,,,,,,,,,,,,,,,,
2023,10,Cuyama 1,2023-04-28,open,,32,,,,,,,,,,,,,,,,,,,,,,,,,,,,,,,,,,2,1,69,,,,,,1,,,,,,,,,,,,,,,,,,,,,,,,,,,,,,,,
2023,11,Cuyama 1,2023-04-28,shrub,,,,,,,,,,,,,,,,,,,,,,,,,,,,,,,,,,,,,35,,,,,,,,,,,,,,,,,,,,,,,,,,,,,,,,,,,,,,,
2023,11,Cuyama 1,2023-04-28,open,,,,,,,,,,,,,,,,,,,,,,,,,,,,,,,,,,,,8,,106,,,,,,1,,,,,,,,,,,,,,,,,,,,,,,,,,,,,,,,
2023,12,Cuyama 1,2023-04-28,shrub,,,,,,,,,,,,,,,,,,,,,,,,,,,,,,,,,,,,,29,2,,,,,,,,,,,,,,,,,,,,,,,,,,,,,,,,,,,,,,
2023,12,Cuyama 1,2023-04-28,open,,1,,,,,,,,,,,,,,,,,,,,,,,,,,,,,,,,,,13,,47,,,,,,,,,,,,,,,,,,,,,,,,,,,,,,,,,,,,,,
2023,13,Cuyama 1,2023-04-28,shrub,,,,,,,,,,,,,,,,,,,,,,,,,,,,,,,,,,,,,19,,,,,,,,,,,,,,,,,,,,,,,,,,,,,,,,,,,,,,,
2023,13,Cuyama 1,2023-04-28,open,,,,,,,,,,,,,,,,,,,,,,,,,,,,,,,,,,,,,,49,,,1,,,3,,,,,,,,,,,,,,,,,,,,,,,,,,,,,,,,
2023,14,Cuyama 1,2023-04-28,shrub,,,,,,,,,,,,,,,,,,,,,,,,,,,,,,,,,,,,6,45,,,,,,5,,,,,,,,,,,,,,,,,,,,,,,,,,,,,,,,,
2023,14,Cuyama 1,2023-04-28,open,,8,,,,,,,,,,,,,,,,,,,,,,,,,,,,,,,,,,,,108,,,,,,6,,,,,,,,,,,,,,,,,,,,,,,,,,,,,,,,
2023,15,Cuyama 1,2023-04-28,shrub,,,,,,,,,,,,,,,,,,,,,,,,,,,,,,,,,,,,,6,,,,,,10,,,,,,,,,,,,,,,,,,,,,,,,,,,,,,,,,
2023,15,Cuyama 1,2023-04-28,open,,7,,,,,,,,,,,,,,,,,,,,,,,,,,,,,,,,,,,,60,,,,,,,11,,,,,,,,,,,,,,,,,,,,,,,,,,,,,,,
2023,16,Cuyama 1,2023-04-28,shrub,,,,,,,,,,,,,,,,,,,,,,,,,,,,,,,,,,,,,13,,,,,,,,,,,,,,,,,,,,,,,,,,,,,,,,,,,,,,,
2023,16,Cuyama 1,2023-04-28,open,,17,,,,,,,,,,,,,,,,,,,,,,,,,,,,,,,,,,7,2,76,,,,,,1,,,,,,,,,,,,,,,,,,,,,,,,,,,,,,,,
2023,17,Cuyama 1,2023-04-28,shrub,,,,,,,,,,,,,,,,,,,,,,,,,,,,,,,,,,,,7,4,3,,,,,13,,,,,,,,,,,,,,,,,,,,,,,,,,,,,,,,,
2023,17,Cuyama 1,2023-04-28,open,,,,,,,,,,,,,,,,,,,,1,,,,,,,,,,,,,,,,,,48,8,,,,,,,,,1,,,,,,,,,,,,,,,,,,,,,,,,,,,,
2023,18,Cuyama 1,2023-04-28,shrub,,,,,,,,,,,,,,,,,,,,,,,,,,,,,,,,,,,,,,,,,,,,,25,,1,,,,,,,,,,,,,,,,,,,,,,,,,,,,,
2023,18,Cuyama 1,2023-04-28,open,,16,,,,,,,,,,,,,,,,,,,,,,,,,,,,,,,,,,3,8,61,,,,,,4,,3,,,,,,,,,,,,,,,,,,,,,,,,,,,,,,
2023,19,Cuyama 1,2023-04-28,shrub,,,,,,,,,,,,,,,,,,,,,,,,,,,,,,,,,,,,4,3,,,,,,17,,11,,,,,,,,,,,,,,,,,,,,,,,,,,,,,,,
2023,19,Cuyama 1,2023-04-28,open,,9,,,,,,,,,,,,,,,,,,,,,,,,,,,,,,,,,,5,,51,,,,,,,,,,,,,,,,,,,,,,,,,,,,,,,,,,,,,,
2023,20,Cuyama 1,2023-04-28,shrub,,,,,,,,,,,,,,,,,,,,,,,,,,,,,,,,,,,,1,,,,,,,,,18,,,2,,,,,,,,,,,,,,,,,,,,,,,,,,,,
2023,20,Cuyama 1,2023-04-28,open,,17,,,,,,,,,,,,,,,,,,,,,,,,,,,,,,,,,,5,5,17,,,,,3,,,,,,,,,,,,,,,,,,,,,,,,,,,,,,,,,
2023,21,Cuyama 1,2023-04-28,shrub,,,,,,,,,,,,,,,,,,,,,,,,,,,,,,,,,,,,6,16,,,,1,,,,,,,,1,1,1,,,,,,,,,,,,,,,,,,,,,,,,,
2023,21,Cuyama 1,2023-04-28,open,,11,,,,,,,,,,,,,,,,,,,,,,,,,,,,,,,,,,5,1,33,,3,,,,,,,,,,,1,,,,,,,,,,,,,,,,,,,,,,,,,
2023,22,Cuyama 1,2023-04-28,shrub,,,,,,,,,,,,,,,,,,,,,,,,,,,,,,,,,,,,1,20,1,,,,,3,,,,,,,,,,,,,,,,,,,,,,,,,,,,,,,,,
2023,22,Cuyama 1,2023-04-28,open,,7,,,,,,,,,,,,,,,,,,2,,,,,,,,,,,,,,,,13,,42,,,,,,1,,,,,,,,,,,,,,,,,,,,,,,,,,,,,,,,
2023,23,Cuyama 1,2023-04-28,shrub,,,,,,,,,,,,,,,,,,,,,,,,,,,,,,,,,,,,,3,,,,,,,,12,,,,,,,,,,,,,,,,,,,,,,,,,,,,,,,
2023,23,Cuyama 1,2023-04-28,open,,47,,,,,,,,,,,,,,,,,,2,,,,,,,,,,,,,,1,,,,41,,,,,,3,,,,,,,3,,,,,,,,,,,,,,,,,,,,,,,,,
2023,24,Cuyama 1,2023-04-28,shrub,,,,,,,,,,,,,,,,,,,,,,,,,,,,,,,,,,,,,,,,,,,,,24,,,,,,,,,,,,,,,,,,,,,,,,,,,,,,,
2023,24,Cuyama 1,2023-04-28,open,,30,,,,,,,,,,,,,,,,,,,,,,,,,,,,,,,,,,19,12,10,,6,,,,,,,,,,,3,,,,,,,,,,,,,,,,,,,,,,,,,
2023,25,Cuyama 1,2023-04-28,shrub,,,,,,,,,,,,,,,,,,,,,,,,,,,,,,,,,,,,11,20,,,,,,,,,,11,,,,,,,,,,,,,,,,,,,,,,,,,,,,,
2023,25,Cuyama 1,2023-04-28,open,,4,,,,,,,,,,,,,,,,,,,,,,,,,,,,,,,,,,,1,84,,,,,,3,,,,,,,,,,,,,,,,,,,,,,,,,,,,,,,,
2023,26,Cuyama 1,2023-04-28,shrub,,32,,,,,,,,,,,,,,,,,,,,,,,,,,,,,,,,,,1,8,,,,,,,,,,,,,,,,,,,,,,,,,,,,,,,,,,,,,,,
2023,26,Cuyama 1,2023-04-28,open,,,,,,,,,,,,,,,,,,,,,,,,,,,,,,,,,,,,4,,51,,,,,32,1,,,,,,,,1,,,,,,,,,,,,,,,,,,,,,,,,
2023,27,Cuyama 1,2023-04-28,shrub,,,,,,,,,,,,,,,,,,,,,,,,,,,,,,,,,,,,15,14,,,,,,11,,9,,,,,,,,,,,,,,,,,,,,,,,,,,,,,,,
2023,27,Cuyama 1,2023-04-28,open,,21,,,,,,,,,,,,,,,,,,,,,,,,,,,,,,,,,,,,69,,,,,,2,,,,,,,,,,,,,,,,,,,,,,,,,,,,,,,,
2023,28,Cuyama 1,2023-04-28,shrub,,,,,,,,,,,,,,,,,,,,,,,,,,,,,,,,,,,,6,,2,,,,,3,,26,,,,,,,,,,,,,,,,,,,,,,,,,,,,,,,
2023,28,Cuyama 1,2023-04-28,open,,6,,,,,,,,,,,,,,,,,,,,,,,,,,,,,,,,,,15,7,20,,,,,,1,,,,,,,,,,,,,,,,,,,,,,,,,,,,,,,,
2023,29,Cuyama 1,2023-04-28,shrub,,32,,,,,,,,,,,,,,,,,,,,,,,,,,,,,,,,,,5,,,,,,,,,,,,,,,,,,,,,,,,,,,,,,,,,,,,,,,,
2023,29,Cuyama 1,2023-04-28,open,,30,,,,,,,,,,,,,,,,,,1,,,,,,,,,,,,,,,,3,,64,,,,,,,,,,,,,,,,,,,,,,,,,,,,,,,,,,,,,,
2023,30,Cuyama 1,2023-04-28,shrub,,,,,,,,,,,,,,,,,,,,,,,,,,,,,,,,,,,,4,18,,,,,,,,15,,,,,,,,,,,,,,,,,,,,,,,,,,,,,,,
2023,30,Cuyama 1,2023-04-28,open,,5,,,,,,,,,,,,,,,,,,,,,,,,,,,,,,,,,,16,,20,,,,,,3,,,,,,,,,,,,,,,,,,,,,,,,,,,,,,,,
2023,1,Cuyama 2,2023-04-28,shrub,,,,,,,,,,,,,,,,,,,,,,,,,,,,,,,,,,,,,22,,,,,,,,,,,,,,,,,,,,,,,,,,,,,,,,,,,,,,,
2023,1,Cuyama 2,2023-04-28,open,,,,,,,,,,,,,,,,,,,,,,,,,,,,,,,,,,,,,,116,,,1,,,,,,,,,,,,,,,,,,,,,,,,,,,,,,,,,,,
2023,2,Cuyama 2,2023-04-28,shrub,,,,,,,,,,,,,,,,,,,,,,,,,,,,,,,,,,,,3,28,6,,,,,,,1,,,,,,,,,,,,,,,,,,,,,,,,,,,,,,,
2023,2,Cuyama 2,2023-04-28,open,,,,,,,,,,,,,,,,,,,,,,,,,,,,,,,,,,,,,,96,,,1,,,,,,,,,,,,46,,,,,,,,,,,,,,,,,,,,,,,
2023,3,Cuyama 2,2023-04-28,shrub,,,,,,,,,,,,,,,,,,,,,,,,,,,,,,,,,,3,,1,20,13,,,,,,,,,,,,,,,,1,,,,,,,,,,,,,,,,,,,,,,
2023,3,Cuyama 2,2023-04-28,open,,,,,,,,,,,,,,,,,,,,,,,,,,,,,,,,,,,,6,1,68,,,,,,,,,,,,,,,,,,,,,,,,,,,,,,,,,,,,,,
2023,4,Cuyama 2,2023-04-28,shrub,,,,,,,,,,,,,,,,,,,,,,,,,,,,,,,,,,,,,55,1,,,,,,,,,,,,,,,,,,,,,,,,,,,,,,,,,,,,,,
2023,4,Cuyama 2,2023-04-28,open,,,,,,,,,,,,,,,,,,,,,,,,,,,,,,,,,,3,,,,46,,1,1,,,,,,,,,,,,,,,,,,,,,,,,,,,,,,,,,,,
2023,5,Cuyama 2,2023-04-28,shrub,,,,,,,,,,,,,,,,,,,,,,,,,,,,,,,,,,,,,36,,,,,,,,1,,,,,,,,,,5,,,,,,,,,,,,,,,,,,,,,
2023,5,Cuyama 2,2023-04-28,open,,,,,,,,,,,,,,,,,,,,,,,,,,,,,,,,,,,,,,64,,,1,,,,,,,,,,,,,,,,,,,,,,,,,,,,,,,,,,,
2023,6,Cuyama 2,2023-04-28,shrub,,,,,,,,,,,,,,,,,,,,,,,,,,,,,,,,,,,,,68,10,,,,,,,,,,,,,,,,,5,,,,,,,,,,,,,,,,,,,,,
2023,6,Cuyama 2,2023-04-28,open,,2,,,,,,,,,,,,,,,,,,,,,,,,,,,,,,,,1,,,,96,,,2,,,,,,,,,,,,,,,,,,,,,,,,,,,,,,,,,,,
2023,7,Cuyama 2,2023-04-28,shrub,,,,,,,,,,,,,,,,,,,,,,,,,,,,,,,,,,,,,126,,,,,,,,,,,,,,,,,,,,,,,,,,,,,,,,,,,,,,,
2023,7,Cuyama 2,2023-04-28,open,,3,,,,,,,,,,,,,,,,,,,,,,,,,,,,,,,,,,,,104,,,1,,,,,,,,,,,,1,,,,,,,,,,,,,,,,,,,,,,,
2023,8,Cuyama 2,2023-04-28,shrub,,,,,,,,,,,,,,,,,,,,,,,,,,,,,,,,,,,,,43,1,,,,,,,,,,,,,,,,,,,,,,,,,,,,,,,,,,,,,,
2023,8,Cuyama 2,2023-04-28,open,,,,,,,,,,,,,,,,,,,,,,,,,,,,,,,,,,,,,,126,,,4,,,,,,,,,,,,,,,,,,,,,,,,,,,,,,,,,,,
2023,9,Cuyama 2,2023-04-28,shrub,,,,,,,,,,,,,,,,,,,,,,,,,,,,,,,,,,,,,51,3,,,,,,,,,,,,,,,,,3,,,,,,,,,,,,,,,,,,,,,
2023,9,Cuyama 2,2023-04-28,open,,,,,,,,,,,,,,,,,,,,,,,,,,,,,,,,,,,,8,,28,,,,,,,,,,,,,,,,,,,,,,,,,,,,,,,,,,,,,,
2023,10,Cuyama 2,2023-04-28,shrub,,,,,,,,,,,,,,,,,,,,,,,,,,,,,,,,,,,,1,39,9,,,,,,,,,,1,,,,,,,,,,,,,,,,,,,,,,,,,,,,
2023,10,Cuyama 2,2023-04-28,open,,,,,,,,,,,,,,,,,,,,,,,,,,,,,,,,,,1,,1,,92,,,,,,,,,,,,,,,,,,,,,,,,,,,,,,,,,,,,,,
2023,11,Cuyama 2,2023-04-28,shrub,,,,,,,,,,,,,,,,,,,,,,,,,,,,,,,,,,,,,108,,,,,,,,,,,,,,,,,,1,,,,,,,,,,,,,,,,,,,,,
2023,11,Cuyama 2,2023-04-28,open,,31,,,,,,,,,,,,,,,,,,,,,,,,,,,,,,,,,,,,27,,,,,,,,,,2,,,,,,,,,,,,,,,,,,,,,,,,,,,,
2023,12,Cuyama 2,2023-04-28,shrub,,,,,,,,,,,,,,,,,,,,,,,,,,,,,,,,,,,,,112,3,,,,,,,,,6,,,,,,,,2,,,,,,,,,,,,,,,,,,,,,
2023,12,Cuyama 2,2023-04-28,open,,12,,,,,,,,,,,,,,,,,,,,,,,,,,,,,,,,,,,,74,,,,,,,,,2,,,,,,,,,,,,,,,,,,,,,,,,,,,,,
2023,13,Cuyama 2,2023-04-28,shrub,,,,,,,,,,,,,,,,,,,,,,,,,,,,,,,,,,1,,1,26,,,,,,,,,,,,,,,,,,1,,,,,,,,,,,,,,,,,,,,,
2023,13,Cuyama 2,2023-04-28,open,,37,,,,,,,,,,,,,,,,,,,,,,,,,,,,,,,,1,,,,27,,,10,,,,,,,,,,,,,,,,,,,,,,,,,,,,,,,,,,,
2023,14,Cuyama 2,2023-04-28,shrub,,,,,,,,,,,,,,,,,,,,,,,,,,,,,,,,,,,,,12,,,,,,,,,,3,,,,,,,,,,,,,,,,,,,,,,,,,,,,,
2023,14,Cuyama 2,2023-04-28,open,,20,,,,,,,,,,,,,,,,,,,,,,,,,,,,,,,,3,,2,,20,,,6,,,,,,,,,,,,,,,1,,,,,,,,,,,,,,,,,,,,
2023,15,Cuyama 2,2023-04-28,shrub,,,,,,,,,,,,,,,,,,,,,,,,,,,,,,,,,,,,,35,,,,,,,,,,,,,,,,,,3,,,,,,,,,,,,,,,,,,,,,
2023,15,Cuyama 2,2023-04-28,open,,7,,,,,,,,,,,,,,,,,,,,,,,,,,,,,,,,1,,3,,30,,,3,,,,,,,,,,,,,,,,6,,12,,,,,,,,,,,,,,,,,
2023,16,Cuyama 2,2023-04-28,shrub,,,,,,,,,,,,,,,,,,,,,,,,,,,,,,,,,,,,,26,,,,,,,,1,,,,,,,,,,2,,,,,,,,,,,,,,,,,,,,,
2023,16,Cuyama 2,2023-04-28,open,,2,,,,,,,,,,,,,,,,,,,,,,,,,,,,,,,,1,,4,1,30,,1,,,,,,,,,,,,,,,,,,,,,,,,,,,,,,,,,,,,
2023,17,Cuyama 2,2023-04-28,shrub,,,,,,,,,,,,,,,,,,,,,,,,,,,,,,,,,,,,,24,,,,,,1,,,,,,,,,,,,1,,,,,,,,,,,,,,,,,,,,,
2023,17,Cuyama 2,2023-04-28,open,,10,,,,,,,,,,,,,,,,,,,,,,,,,,,,,,,,,,1,,65,,3,,,,,,,,,,,,,,,,,,,,,,,,,,,,,,,,,,,,
2023,18,Cuyama 2,2023-04-28,shrub,,,,,,,,,,,,,,,,,,,,,,,,,,,,,,,,,,,,,10,15,,,,,,,,,,2,,,,,,,,,,,,,,,,,,,,,,,,,,,,
2023,18,Cuyama 2,2023-04-28,open,,14,,,,,,,,,,,,,,,,,,,,,,,,,,,,,,,,1,,,,39,,4,,,,,,,,,,,,,,,,,,,,,,,,,,,,,,,,,,,,
2023,19,Cuyama 2,2023-04-28,shrub,,,,,,,,,,,,,,,,,,,,,,,,,,,,,,,,,,,,,39,10,,,,,,,,,,,,,,,,,,,,,,,,,,,,,,,,,,,,,,
2023,19,Cuyama 2,2023-04-28,open,,,,,,,,,,,,,,,,,,,,,,,,,,,,,,,,,,1,,,1,52,,,1,,,,,,,,,,,,,,,,,,,,,,,,,,,,,,,,,,,
2023,20,Cuyama 2,2023-04-28,shrub,,,,,,,,,,,,,,,,,,,,,,,,,,,,,,,,,,,,,39,13,,,,,,,,,,,,,,,,,2,,,,,,,,,,,,,,,,,,,,,
2023,20,Cuyama 2,2023-04-28,open,,9,,,,,,,,,,,,,,,,,,,,,,,,,,,,,,,,1,,,1,46,,,1,,,,,,,,,,,,,,,,,,,,,,,,,,,,,,,,,,,
2023,21,Cuyama 2,2023-04-28,shrub,,,,,,,,,,,,,,,,,,,,,,,,,,,,,,,,,,,,2,44,3,,,,,,,,,,,,,,,,,,,,,,,,,,,,,,,,,,,,,,
2023,21,Cuyama 2,2023-04-28,open,,22,,,,,,,,,,,,,,,,,,,,,,,,,,,,,,,,,,2,1,28,,,,,,,,,,,,,,,,,,4,7,,1,,,,,,,,,,,,,,,,,
2023,22,Cuyama 2,2023-04-28,shrub,,,,,,,,,,,,,,,,,,,,,,,,,,,,,,,,,,1,,4,28,12,,,,,,,,,,,,,,,,,,,,,,,,,,,,,,,,,,,,,,
2023,22,Cuyama 2,2023-04-28,open,,17,,,,,,,,,,,,,,,,,,,,,,,,,,,,,,,,,,10,,53,,,,,,,,,,,,,,,,,,,,,,,,,,,,,,,,,,,,,,
2023,23,Cuyama 2,2023-04-28,shrub,,,,,,,,,,,,,,,,,,,,,,,,,,,,,,,,,,,,6,36,16,,,,,,,,,,,,,,,,,,,,,,,,,,,,,,,,,,,,,,
2023,23,Cuyama 2,2023-04-28,open,,23,,,,,,,,,,,,,,,,,,,,,,,,,,,,,,,,,,3,,82,,,,,,,,,,,,,,,,,,,,,,,,,,,,,,,,,,,,,,
2023,24,Cuyama 2,2023-04-28,shrub,,,,,,,,,,,,,,,,,,,,,,,,,,,,,,,,,,,,1,39,5,,,,,,,,,,,,,,,,,2,,,,,,,,,,,,,,,,,,,,,
2023,24,Cuyama 2,2023-04-28,open,,21,,,,,,,,,,,,,,,,,,1,,,,,,,,,,,,,,,,7,,43,,,4,,,,,,,,,,,,,,,,1,,,,,,,,,,,,,,,,,,,
2023,25,Cuyama 2,2023-04-28,shrub,,,,,,,,,,,,,,,,,,,,,,,,,,,,,,,,,,,,,42,,,,,,,,,,,,,,,,,,,,,,,,,,,,,,,,,,,,,,,
2023,25,Cuyama 2,2023-04-28,open,,47,,,,,,,,,,,,,,,,,,7,,,,,,,,,,,,,,2,,,,34,,3,3,,,,,,,,,,,,,,,,,,,,,,,,,,,,,,,,,,,
2023,26,Cuyama 2,2023-04-28,shrub,,,,,,,,,,,,,,,,,,,,,,,,,,,,,,,,,,,,7,17,15,,,1,,,,7,,,1,,,,,,,,,,,,,,,,,,,,,,,,,,,,
2023,26,Cuyama 2,2023-04-28,open,,38,,,,,,,,,,,,,,,,,,2,,,,,,,,,,,,,,,,4,,39,,,,,,,,,,,,,,,,,,,3,,,,,,,,,,,,,,,,,,,
2023,27,Cuyama 2,2023-04-28,shrub,,,,,,,,,,,,,,,,,,,,,,,,,,,,,,,,,,,,,27,,,,,,,,,,,,,,,,,,1,,,,,,,,,,,,,,,,,,,,,
2023,27,Cuyama 2,2023-04-28,open,,20,,,,,,,,,,,,,,,,,,4,,,,,,,,,,,,,,,,7,3,18,,,6,,,,,,,,,,,,,,,1,,,,,,,,,,,,,,,,,,,,
2023,28,Cuyama 2,2023-04-28,shrub,,,,,,,,,,,,,,,,,,,,,,,,,,,,,,,,,,,,1,,,,,,,45,,,,,,,,,,,,1,,,,,,,,,,,,,,,,,,,,,
2023,28,Cuyama 2,2023-04-28,open,,34,,,,,,,,,,,,,,,,,,,,,,,,,,,,,,,,,,16,19,11,,,1,,,,,,,,,,,,,,,,,,,,,,,,,,,,,,,,,,,
2023,29,Cuyama 2,2023-04-28,shrub,,,,,,,,,,,,,,,,,,,,,,,,,,,,,,,,,,,,12,,1,,,,,48,,,,,,,,,,,,,,,,,,,,,,,,,,,,,,,,,
2023,29,Cuyama 2,2023-04-28,open,,23,,,,,,,,,,,,,,,,,,,,,,,,,,,,,,,,1,,,3,3,,,1,,,,,,,,,,,,,,,,,,,,,,,,,,,,,,,,,,,
2023,30,Cuyama 2,2023-04-28,shrub,,,,,,,,,,,,,,,,,,,,,,,,,,,,,,,,,,,,11,1,7,,,,,34,,,,,,,,,,,,5,,,,,,,,,,,,,,,,,,,,,
2023,30,Cuyama 2,2023-04-28,open,,28,,,,,,,,,,,,,,,,,,,,,,,,,,,,,,,,1,,21,,30,,,,,,,,,,,,,,,,,,,,,,,,,,,,,,,,,,,,,,
2024,1,Cuyama 1,2024-05-01,shrub,,,,,,,,,,,,,,,,,,,,,,,,,,,,,,,,,,,,,25,,,,,,,,,,,,,,,,,,,,,,,,,,,,,,,,,,,,,,,
2024,1,Cuyama 1,2024-05-01,open,,,,,,,,,,,,,,,,,,,,,,,,,,,,,,,,,,,,7,46,228,,,,,,,,,,,,,,,,,,,,,,,,,,,,,,,,,,,,,,
2024,2,Cuyama 1,2024-05-01,shrub,,,,,,,,,,,,,,,,,,,,,,,,,,,,,,,,,,,,,78,,,,,,,,,,,,,,,,,,,,,,,,,,,,,,,,,,,,,,,
2024,2,Cuyama 1,2024-05-01,open,,63,,,,,,,,,,,,,,,,,,,,,,,,,,,,,,,,,,4,9,256,,9,,,,,,,,,,,,,,,,,,,,,,,,,,,,,,,,,,,,
2024,3,Cuyama 1,2024-05-01,shrub,,,,,,,,,,,,,,,,,,,,,,,,,,,,,,,,,,,,2,67,,,,,,,,,,,,,4,,,,,,,,,,,,,,,,,,,,,,,,,,
2024,3,Cuyama 1,2024-05-01,open,,6,,,,,,,,,,,,,,,,,,,,,,,,,,,,,,,,,,16,9,192,,2,,,,,,,,,,,,,,,,,,,,,,,,,,,,,,,,,,,,
2024,4,Cuyama 1,2024-05-01,shrub,,,,,,,,,,,,,,,,,,,,,,,,,,,,,,,,,,,,1,98,,,,,,,,,,,,,,,,,,,,,,,,,,,,,,,,,,,,,,,
2024,4,Cuyama 1,2024-05-01,open,,32,,,,,,,,,,,,,,,,,,,,,,,,,,,,,,,,,,5,17,128,,,,,,,,,,,,,,,,,,,,,,,,,,,,,,,,,,,,,,
2024,5,Cuyama 1,2024-05-01,shrub,,,,,,,,,,,,,,,,,,,,,,,,,,,,,,,,,,,,,33,1,,,,,,,,,,,,,,,,,,,,,,,,,,,,,,,,,,,,,,
2024,5,Cuyama 1,2024-05-01,open,,,,,,,,,,,,,,,,,,,,,,,,,,,,,,,,,,,,21,8,268,,,,,,,,,,,,,,,,,,,,,,,,,,,,,,,,,,,,,,
2024,6,Cuyama 1,2024-05-01,shrub,,,,,,,,,,,,,,,,,,,,,,,,,,,,,,,,,,,3,1,38,8,,,,,,,,,,2,,,,,,,,,,,,,,,,,,,,,,,,,,,,
2024,6,Cuyama 1,2024-05-01,open,,3,,,,,,,,,,,,,,,5,,,,,,,,,,,,1,,,,,,,2,10,232,,17,,,,,,,,,,,,,,,,,,,,,,,,,,,,,,,,,,,,
2024,7,Cuyama 1,2024-05-01,shrub,,,,,,,,,,,,,,,,,,,,,,,,,,,,,,1,,,,,,,24,5,,,,,,1,,,,,,,,,,,,,,,,,,,,,,,,,,,,,,,,
2024,7,Cuyama 1,2024-05-01,open,,,,,,,,,,,,,,,,,,,,,,,,,,,,,,,,,,,,6,41,212,,,,,,,,,,,,,,,,,,,,,,,,,,,,,,,,,,,,,,
2024,8,Cuyama 1,2024-05-01,shrub,,,,,,,,,,,,,,,,,,,,,,,,,,,,,,,,,,,,1,88,,,,,,,,,,,,,,,,,,,,,,,,,,,,,,,,,,,,,,,
2024,8,Cuyama 1,2024-05-01,open,,,,,,,,,,,,,,,,,,,,,,,,,,,,,,,,,,,,19,21,200,,3,,,,,,,,,,,,,,,,,,,,,,,,,,,,,,,,,,,,
2024,9,Cuyama 1,2024-05-01,shrub,,,,,,,,,,,,,,,,,,,,,,,,,,,,,,,,,,,,1,50,7,1,,,,,,,,,,,,,,,,,,,,,,,,,,,,,,,,,,,,,
2024,9,Cuyama 1,2024-05-01,open,,,,,,,,,,,,,,,,,,,,,,,,,,,,,,,,,,,,2,37,260,,,,,,,,,,,,,,,,,,,,,,,,,,,,,,,,,,,,,,
2024,10,Cuyama 1,2024-05-01,shrub,,,,,,,,,,,,,,,,,,,,,,,,,,,,,,,,,,,,1,37,5,,,,,,,,,,,,,,,,,,,,,,,,,,,,,,,,,,,,,,
2024,10,Cuyama 1,2024-05-01,open,,,,,,,,,,,,,,,,,,,,,,,,,,,,,,,,,,,,9,5,216,,,,,,,,,,,,,,,,,,,,,,,,,,,,,,,,,,,,,,
2024,11,Cuyama 1,2024-05-01,shrub,,,,,,,,,,,,,,,,,,,,,,,,,,,,,,,,,,,,1,32,3,,,,,,,,,,,,,,,,,,,,,,,,,,,,,,,,,,,,,,
2024,11,Cuyama 1,2024-05-01,open,,,,,,,,,,,,,,,,,,,,,,,,,,,,,,,,,,,,11,,288,,3,,,,,,,,,,,,,,,,,,,,,,,,,,,,,,,,,,,,
2024,12,Cuyama 1,2024-05-01,shrub,,,,,,,,,,,,,,,, ,,,,,,,,,,,,,,,,,,,2,1,66,15,,,, ,,,,,,,,,,,,,,,,,,,,,,,,,,,,,,,,,,
2024,12,Cuyama 1,2024-05-01,open,,,,,,,,,,,,,,,,,,,,,,,,,,,,,,,,,,,,13,,260,,5,,,,,,,,,,,,,,,,,,,,,,,,,,,,,,,,,,,,
2024,13,Cuyama 1,2024-05-01,shrub,,,,,,,,,,,,,,,,,,,,,,,,,,,,,,,,,,,,2,31,7,,,,,,,,,,,,,,,,,,,,,,,,,,,,,,,,,,,,,,
2024,13,Cuyama 1,2024-05-01,open,,4,,,,,,,,,,,,,,,,,,,,,,,,,,,,,,,,,,6,8,196,,4,,,,,,,,,,,,,,,,,,,,,,,,,,,,,,,,,,,,
2024,14,Cuyama 1,2024-05-01,shrub,,,,,,,,,,,,,,,,,,,,,,,,,,,,,,,,,,,,1,60,8,,,,,,,,,,,,,,,,,,,,,,,,,,,,,,,,,,,,,,
2024,14,Cuyama 1,2024-05-01,open,,8,,,,,,,,,,,,,,,,,,,,,,,,,,,,,,,,,,19,,208,,,,,,,,,,,,,,,,,,,,,,,,,,,,,,,,,,,,,,
2024,15,Cuyama 1,2024-05-01,shrub,,,,,,,,,,,,,,,,,,,,,2,,,,,,,,,,,,,,,2,46,26,,,,,,,,,,,,,,,,,,,,,,,,,,,,,,,,,,,,,,
2024,15,Cuyama 1,2024-05-01,open,,1,,,,,,,,,,,,,,,,,,,,,,,,,,,,,,,,,,5,2,292,,,,,,,,,,,,,,,,,,,,,,,,,,,,,,,,,,,,,,
2024,16,Cuyama 1,2024-05-01,shrub,,,,,,,,,,,,,,,,,,,,,,,,,,,,,,,,,,,5,7,56,22,,,,,,,,,,,,,,,,,,,,,,,,,,,,,,,,,,,,,,
2024,16,Cuyama 1,2024-05-01,open,,58,,,,,,,,,,,,,,,,,,,,,,,,,,,,,,,,,,10,2,168,,3,,,,,,,,,,,,,,,,,,,,,,,,,,,,,,,,,,,,
2024,17,Cuyama 1,2024-05-01,shrub,,,,,,,,,,,,,,,,,,,,,,,,,,,,,,,,,,,,1,26,27,,,,,,,,,,,,,,,,,,,,,,,,,,,,,,,,,,,,,,
2024,17,Cuyama 1,2024-05-01,open,,,,,,,,,,,,,,,,,1,,,,,,,,,,,,,,,,,,,11,4,172,,,,,,,,,,,,,,,,,,,,,,,,,,,,,,,,,,,,,,
2024,18,Cuyama 1,2024-05-01,shrub,,,,,,,,,,,,,,,,,,,,,,,,,,,,,,,,,,,,1,41,25,,,,,,,,,,,,,,,,,,,,,,,,,,,,,,,,,,,1,,,
2024,18,Cuyama 1,2024-05-01,open,,,,,,,,,,,,,,,,,3,,,,,,,,,,,,,,,,1,,,12,,165,,1,,,,,,,,,,,,,,,,,,,,,,,,,,,,,,,,,,,,
2024,19,Cuyama 1,2024-05-01,shrub,,,,,,,,,,,,,,,,,,,,,,,,,,,,,,,,,,,,1,27,5,,,,,,,,,,,,,,,,,,,,,,,,,,,,,,,,,,,,,,
2024,19,Cuyama 1,2024-05-01,open,,,,,,,,,,,,,,,,,1,,,,,,,,,,,,,,,1,,,,6,,124,,,,,,,,,,,,,,,,,,,,,,,,,,,,,,,,,,,,,,
2024,20,Cuyama 1,2024-05-01,shrub,,,,,,,,,,,,,,,,1,,,,,,,,,,,,,,,,,,,,,12,10,,,,,,,,,,,,,,,,,,,,,,,,,,,,,,,,,,,,,,
2024,20,Cuyama 1,2024-05-01,open,,,,,,,,,,,,,,,,,,,,,,,,,,,,,,,,,,,,1,2,41,,,,,,,,,,,,43,,,,,,,,,,,,,,,,,,,,,,,,,,
2024,21,Cuyama 1,2024-05-01,shrub,,,,,,,,,,,,,,,,,,,,,,,,,,,,,,,,,,,,1,17,24,,,,,,,,,,,,,,,,,,,,,,,,,,,,,,,,,,,,,,
2024,21,Cuyama 1,2024-05-01,open,,39,,,,,,,,,,,,,,,,,,,,,,,,,,,,,,,,,,5,,336,,9,,,,1,,,,,,,,,,,,,,,,,,,,,,,,,,,,,,,,
2024,22,Cuyama 1,2024-05-01,shrub,,,,,,,,,,,,,,,,,,,,,,,,,,,,,,,,,,,,,21,,,,,,,,,,,,,3,,,,,,,,,,,,,,,,,,,,,,,,,,
2024,22,Cuyama 1,2024-05-01,open,,,,,,,,,,,,,,,,,,,,,,,,,,,,,,,,,,,,6,34,152,,39,,,,1,,,,,,,,,,,,,,,,,,,,,,,,,,,,,,,,
2024,23,Cuyama 1,2024-05-01,shrub,,,,,,,,,,,,,,,,,,,,,,,,,,,,,,,,,,,,,,11,,,,,,,,,,,,27,,,,,,,,,,,,,,,,,,,,,,,,,,
2024,23,Cuyama 1,2024-05-01,open,,29,,,,,,,,,,,,,,,,,,,,,,,,,,,,,,,,,,3,,220,,,,1,,3,,,,,,,,,,,,,,,,,,,,,,,,,,,,,,,,
2024,24,Cuyama 1,2024-05-01,shrub,,,,,,,,,,,,,,,,,,,,,,,,,,,,,,,,,,,,,,1,,,,,,,,,,,,,,,,,3,,,,,,,,,,,,,,,,,,,,,
2024,24,Cuyama 1,2024-05-01,open,,,,,,,,,,,,,,,,,,,,,,,,,,,,,,,,,,,21,7,5,336,,,,,,1,,,,,,,,,,,,,,,,,,,,,,,,,,,,,,,,
2024,25,Cuyama 1,2024-05-01,shrub,,,,,,,,,,,,,,,,,,,,,,,,,,,,,,,,,,,,,8,,,,,,,,,,,,,,,,,,,,,,,,,,,,,,,,,,,,,,,
2024,25,Cuyama 1,2024-05-01,open,,23,,,,,,,,,,8,,,,,,,,,,,,,,,,,,,,,,,,,4,152,,,,,,,,,,,,3,,,,,,,,,,,,,,,,,,,,,,,,,,
2024,26,Cuyama 1,2024-05-01,shrub,,,,,,,,,,,,,,,3,,,,,,,,,,,,,,,,,,,,,3,7,20,,,,,,,,,,,,1,,,,,,,,,,,,,,,,,,,,,,,,,,
2024,26,Cuyama 1,2024-05-01,open,,76,,,,,,,,,,,,,,,,,,,,,,,,,,,,,,,,,,7,2,244,,,,,,,,1,,,,46,,,,,,,,,,,,,,,,,,,,,,,,,,
2024,27,Cuyama 1,2024-05-01,shrub,,23,,,,,,,,,,,,,,,,,,,,,,,,,,,,,,,,,,2,18,,,,,,,,,,,,,,,,,,,,,,,,,,,,,,,,,,,,,,,
2024,27,Cuyama 1,2024-05-01,open,,,,,,,,,,,,,,,,,,,,,,,,,,,,,,,,,1,,,,3,208,,,,,,,,,,,,4,,,,,,,,,,,,,,,,,,,,,,,,,,
2024,28,Cuyama 1,2024-05-01,shrub,,,,,,,,,,,,,,,,,,,,,,,,,,,,,,,,,,,,20,50,9,,,,,,,,,,,,,,,,,,,,,,,,,,,,,,,,,,,,,,
2024,28,Cuyama 1,2024-05-01,open,,12,,,,,,,,,,,,,,,,,,,,,,,,,,,,,,,,,,,1,156,,,,,,,,,,,,3,,,,,,,,,,,,,,,,,,,,,,,,,,
2024,29,Cuyama 1,2024-05-01,shrub,,,,,,,,,,,,,,,,,,,,,,,,,,,,,,,,,,,,,14,,,,,,,,,,,,,,,1,,,,,,,,,,,,,,,,,,,,,,,,
2024,29,Cuyama 1,2024-05-01,open,,14,,,,,,,,,,,,,,,2,,,,,,,,,,,,,,,,,,,1,9,168,,10,,,,,,,,,,7,,,,,,,,,,,,,,,,,,,,,,,,,,
2024,30,Cuyama 1,2024-05-01,shrub,,,,,,,,,,,,,,,,,,,,,,,,,,,,,,,,,1,,,2,,,,,,,,,,,,,,,,,,,,,,,,,,,,,,,,,,,,,,,,
2024,30,Cuyama 1,2024-05-01,open,,,,,,,,,,,,,,,,,,,,,,,,,,,,,,,,,,,,1,3,144,,,,,,,,,,,,18,,,,,,,,,,,,,,,,,,,,,,,,,,
2024,31,Cuyama 1,2024-05-01,shrub,,,,,,,,,,,,,,,,,,,,,,,,,,,,,,,,,,,,8,6,,,,,,,,,5,,,,4,,,,,,,,,,,,,,,,,,,,,,,,,,
2024,31,Cuyama 1,2024-05-01,open,,12,,,,,,,,,,,,,,,,,,,,,,,,,,,,,,,,,,2,7,204,,,,,,,,,,,,34,,,,,,,,,,,,,,,,,,,,,,,,,,
2024,32,Cuyama 1,2024-05-01,shrub,,,,,,,,,,,,,,,,,,,,,,,,,,,,,,,,,,,,13,4,4,,,,,,,,,,,,,,,,,,,,,,,,,,,,,,,,,,,,,,
2024,32,Cuyama 1,2024-05-01,open,,,,,,,,,,,,,,,,,,,,,,,,,,,,,,,,,,,,1,3,240,,7,,,,,,,,,,,,,,,,,,,,,,,,,,,,,,,,,,,,
2024,33,Cuyama 1,2024-05-01,shrub,,,,,,,,,,,,,,,,,,,,,,,,,,,,,,,,,,,,14,8,1,,,,,,,,,,,,6,,,,,,,,,,,,,,,,,,,,,,,,,,
2024,33,Cuyama 1,2024-05-01,open,,27,,,,,,,,,,,,,,,,,,,,,,,,,,,,,,,,,,,1,188,,1,,,,,,,,,,,,,,,,,,,,,,,,,,,,,,,,,,,,
2024,34,Cuyama 1,2024-05-01,shrub,,,,,,,,,,,,,,,,,,,,,,110,,,,,,,,,,,,,,1,15,8,,,,,,,,,,,,,,,,,,,,,,,,,,,,,,,,,,,,,,
2024,34,Cuyama 1,2024-05-01,open,,46,,,,,,,,,,,,,,,,,,,,,,,,,,,,,,,,,,5,6,200,,,,,,,,,,,,,,,,,,,,,,,,,,,,,,,,,,,,,,
2024,35,Cuyama 1,2024-05-01,shrub,,,,,,,,,,,,,,,,,,,,,,,,,,,,,,,,,,,,3,,,,,,,,,,,,2,,41,,,,,,,,,,,,,,,,,,,,,,,,,,
2024,35,Cuyama 1,2024-05-01,open,,,,,,,,,,,,,,,,,,,,,,,,,,,,,,,,,,,,,5,204,,,,,,,,1,,,,,,,,,,,,,,,,,,,,,,,,,,,,,,
2024,36,Cuyama 1,2024-05-01,shrub,,,,,,,,,,,,,,,,,,,,,,,,,,,,,,,,,,,,3,23,15,,,,,,,,,,,,,,,,,,,,,,,,,,,,,,,,,,,,,,
2024,36,Cuyama 1,2024-05-01,open,,6,,,,,,,,,,,,,,,,,,,,,,,,,,,,,,,,,,2,1,232,,,,,,,,,,2,,,,,,,,,,,,,,,,,,,,,,,,,,,,
2024,37,Cuyama 1,2024-05-01,shrub,,,,,,,,,,,,,,,,,,,,,,,,,,,,,,,,,,,,,,,,,,,,,,,,,,,,,,,,,,,,,,,,,,,,,,,,,,,,
2024,37,Cuyama 1,2024-05-01,open,,96,,,,,,,,,,,,,,,,,,,,,,,,,,,,,,,,,,1,28,212,,,,,,,,1,,,,,,,,,,,,,,,,,,,,,,,,,,,,,,
2024,38,Cuyama 1,2024-05-01,shrub,,,,,,,,,,,,,,,,,,,,,,,,,,,12,,,,,,,,,1,,25,,,,,,,,,,,,38,,,,,,,,,,,,,,,,,,,,,,,,,,
2024,38,Cuyama 1,2024-05-01,open,,,,,,,,,,,,,,,,,,,,,,,,,,,,,,,,,,,,9,9,224,,,,,,,,,,,,,,,,,,,,,,,,,,,,,,,,,,,,,,
2024,39,Cuyama 1,2024-05-01,shrub,,,,,,,,,,,,,,,,,,,,,,,,,,,,,,,,,,,,,4,9,,7,,,,,,,,4,,13,,,,,,,,,,,,,,,,,,,,,,,,,,
2024,39,Cuyama 1,2024-05-01,open,,,,,,,,,,,,,,,,,,,,,,,,,,,,,,,,,,,,1,35,204,,,,,,,,,,,,,,,,,,,,,,,,,,,,,,,,,,,,,,
2024,40,Cuyama 1,2024-05-01,shrub,,,,,,,,,,,,,,,,,,,,,,,,,,,,,,,,,,,,,26,,,,,,,,,,,,,28,,,,,,,,,,,,,,,,,,,,,,,,,,
2024,40,Cuyama 1,2024-05-01,open,,126,,,,,,,,,,,,,,,,,,,,,,,,,,,,,,,1,,,,48,42,,10,,,,,,,,,,,,,,,,,,,,,,,,,,,,,,,,,,,,
2024,1,Cuyama 2,2024-04-30,shrub,,,,,,,,,,,,,,,,,,,,,1,,,,,,,,,,,,,,,7,64,44,,,,,,,,,,,,,,,,,,,,,,,,,,,,,,,,,,,,,,
2024,1,Cuyama 2,2024-04-30,open,,,,,,,,,,,,,,,,,2,,,,,,,,,,,,,,,2,,33,,9,28,136,,1,,,,,2,,,,,,,,,,,,,,,,,,,,,,,,,,,,,,,
2024,2,Cuyama 2,2024-04-30,shrub,,,,,,,,,,,,,,,,,1,,,,,,,,,,,,,,,1,,,,6,104,12,,,,,,,,,,,,,,,,,,,,,,,,,,,,,,,,,,,,,,
2024,2,Cuyama 2,2024-04-30,open,,,,,,,,,,,,,,,,,7,,,,,,,,,,,,,,,,,34,,13,17,100,,9,,,,,,,,,,,,,,,,,,,,,,,,,,,,,,,,,,,,
2024,3,Cuyama 2,2024-04-30,shrub,,,,,,,,,,,,,,,,,,,,,,,,,,,,,,,,,,4,,3,54,16,,,,,,,,,,,,,,,,,,,,,,,,,,,,,,,,,,,,,,
2024,3,Cuyama 2,2024-04-30,open,,,,,,,,,,,,,,,,,2,,,,,,,,,,,,,,,1,,9,,15,15,140,,6,,,,,,,,,,,,,,,,,,,,,,,,,,,,,,,,,,,,
2024,4,Cuyama 2,2024-04-30,shrub,,1,,,,,,,,,,,,,,,,,,,,,,,,,,,,,,,,,,1,15,47,,,,,,,,,,,,,,,,,,,,,,,,,,,,,,,,,,,,,,
2024,4,Cuyama 2,2024-04-30,open,,,,,,,,,,,,,,,,,,,,,,,2,,,,,,,,,2,,55,,7,8,96,,2,,,,,,,,,,,,,,,,,,,,,,,,,,,,,,,,,,,,
2024,5,Cuyama 2,2024-04-30,shrub,,,,,,,,,,,,,,,,,1,,,,,,1,,,,,,,,,,,7,,9,42,42,,,,,,,1,,,,,,,,,,2,,,,,,,,,,,,,,,,,,,,,
2024,5,Cuyama 2,2024-04-30,open,,17,,,,,,,,,,,,,,,5,,,,,,2,,,,,,,,,,,27,,4,3,104,,7,,,,,,,,,,,,,,,,,,,,,,,,,,,,,,,,,,,,
2024,8,Cuyama 2,2024-04-30,shrub,,,,,,,,,,,,,,,,,,,,,,,,,,,,,,,,,,,,6,108,29,,,,,,,,,,,,,,,,,,,,,,,,,,,,,,,,,,,,,,
2024,8,Cuyama 2,2024-04-30,open,,1,,,,,,,,,,,,,,,3,,,,,,,,,,,,,,,,,23,,24,2,82,,,,,,,,,,,,,,,,,,,,,,,,,,,,,,,,,,,,,,
2024,7,Cuyama 2,2024-04-30,shrub,,1,,,,,,,,,,,,,,,1,,,,,,,,,,,,,,,,,,,9,9,49,,,,,,,7,,,,,,,,,,1,,,,,,,,,,,,,,,,,,,,,
2024,7,Cuyama 2,2024-04-30,open,,,,,,,,,,,,,,,,,1,,,,,,,,,,,,,,,,,,,14,2,152,,,,,,,,,,,,,,,,,,,,,,1,,,,,,,,,,,,,,,,
2024,6,Cuyama 2,2024-04-30,shrub,,,,,,,,,,,,,1,,,,,,,,,,,,,,,,,,,,,,,2,45,,,,,,,,,,,,,,,,,,,,,,,,,,,,,,,,,,,,,,,
2024,6,Cuyama 2,2024-04-30,open,,,,,,,,,,,,,,,,,1,,,,,,,,,,,,,,,,,2,,4,,208,,5,,,,,,,,,,,,,,,,,,,,,,,,,,,,,,,,,,,,
2024,9,Cuyama 2,2024-04-30,shrub,,9,,,,,,,,,,,,,,,,,,,,,,,,,,,,,,,,,,2,51,65,,,,,,,,,,,,,,,,,,,,,,,,,,,,,,,,,,,,,,
2024,9,Cuyama 2,2024-04-30,open,,,,,,,,,,,,,,,,,1,,,,,,,,,,,,,,,,,1,,8,,180,,,,,,,,,,,,,,,,,,,,,,,,,,,,,,,,,,,,,,
2024,10,Cuyama 2,2024-04-30,shrub,,,,,,,,,,,,,,,,,,,,,,,,,2,,,,,,,,,,,,21,35,,,,,,,,,,,,,,,,,1,,,,,,,,,,,,,,,,,,,,,
2024,10,Cuyama 2,2024-04-30,open,,,,,,,,,,,,,,,,,3,,,,,,,,,,,,,,,,,1,,14,,176,,,,,,,,,,,,,,,,,,,,,,,,,,,,,,,,,,,,,,
2024,11,Cuyama 2,2024-04-30,shrub,,,,,,,,,,,,,,,,,,,,,,,,,9,,,,,,,,,,,,5,63,,,,,,,,,,,,,,,,,,,,,,,,,,,,,,,,,,,,,,
2024,11,Cuyama 2,2024-04-30,open,,1,,,,,,,,,,,,,,,,,,,,,,,,,,,,,,,,,,5,,142,,,,,,,,,,,,,,,,,,,,,,,,,,,,,,,,,,,,,,
2024,12,Cuyama 2,2024-04-30,shrub,,,,,,,,,,,,,,,,,,,,,,,,,1,,,,,,,,,,,5,52,43,,,,,,,,,,,,,,,,,,,,,,,,,,,,,,,,,,,,,,
2024,12,Cuyama 2,2024-04-30,open,,,,,,,,,,,,,,,,,,,,,,,,,,,,,,,,,,1,,7,10,106,,,,,,,,15,,,,,,,,,,,,,,,,,,,,,,,,,,,,,,
2024,13,Cuyama 2,2024-04-30,shrub,,,,,,,,,,,,,,,,,1,,,,,,,,,,,,,,,,,1,,2,17,13,,,,,,,,,,,,,,,,,3,,,,,1,,,,,,,,,,,,,,,,
2024,13,Cuyama 2,2024-04-30,open,,,,,,,,,,,,,,,,,1,,,,,,,,,,,,,,,,,,,14,10,164,,,,,,,,,,,,,,,,,,,,,,,,,,,,,,,,,,,,,,
2024,14,Cuyama 2,2024-04-30,shrub,,,,,,,,,,,,,,,,,,,,,,,,,1,,,,,,,,,,,1,70,20,,,,,,,,,,,,,,,,,7,,,,,,,,,,,,,,,,,,,,,
2024,14,Cuyama 2,2024-04-30,open,,,,,,,,,,,,,,,,,,,,,,,,,,,,,,,,1,,,,6,15,204,,,,,,,,,,,,,,,,,,,,,,,,,,,,,,,,,,,,,,
2024,15,Cuyama 2,2024-04-30,shrub,,,,,,,,,,,,,,,,,,,,,,,,,,,,,,,,,,,,5,40,56,,,,,,,,,,,,,,,,,1,,,,,,,,,,,,,,,,,,,,,
2024,15,Cuyama 2,2024-04-30,open,,,,,,,,,,,,,,,,,4,,,,,,,,,,,,,,,,,,,10,,208,,8,,,,,,,,,,,,,,,,,,,,,,,,,,,,,,,,,,,,
2024,16,Cuyama 2,2024-04-30,shrub,,,,,,,,,,,,,,,,,,,,,,,,,,,,,,,,,,,,,164,11,,,,,17,,,,,,,,,,,,2,,,,,,,,,,,,,,,,,,,,,
2024,16,Cuyama 2,2024-04-30,open,,,,,,,,,,,,,,,,,,,,,,,,,,,,,,,,32,,,,17,17,248,,1,,,,,,,,,,,,,,,,,,,,,,,,,,,,,,,,,,,,
2024,17,Cuyama 2,2024-04-30,shrub,,,,,,,,,,,,,,,,,,,,,,,,,,,,,,,,,,,,1,90,7,,,,,,,,,,,,,,,,,,,,,,,,,,,,,,,,,,,,,,
2024,17,Cuyama 2,2024-04-30,open,,,,,,,,,,,,,,,,,,,,,,,,,,,,,,,,70,,,,5,1,272,,2,,,,,,,,,,,,,,,,,,,,,,,,,,,,,,,,,,,,
2024,18,Cuyama 2,2024-04-30,shrub,,,,,,,,,,,,,,,,,,,,,,,,,,,,,,,,,,,,,31,4,,,,,,,,,,,,,,,,,2,,,,,,,,,,,,,,,,,,,,,
2024,18,Cuyama 2,2024-04-30,open,,,,,,,,,,,,,,,,,1,,,,,,,,,,,,,,,,,,,13,9,244,,2,,,,,,,,,,,,,,,,,,,,,,,,,,,,,,,,,,,,
2024,19,Cuyama 2,2024-04-30,shrub,,,,,,,,,,,,,,,,,,,,,,,,,3,,,,,,,,,,,2,54,14,,,,,,,,,,,,,,,,,5,,,,,,,,,,,,,,,,,,,,,
2024,19,Cuyama 2,2024-04-30,open,,,,,,,,,,,,,,,,,2,,,,,,,,,,,,,,,,,1,,3,,72,,,,,,1,,,,,,,,,,,,,,,,,,,,,,,,,,,,,,,,
2024,20,Cuyama 2,2024-04-30,shrub,,,,,,,,,,,,,,,,,,,,,,,,,,,,,,,,,,,,2,104,,,,,,,,,,,,,,,,,,3,,,,,,,,,,,,,,,,,,,,,
2024,20,Cuyama 2,2024-04-30,open,,6,,,,,,,,,,,,,,,6,,,,,,,,,,,,,,,,,,,6,7,136,,,,,,,,,,,,,,,,,,,,,,,,,,,,,,,,,,,,,,
2024,21,Cuyama 2,2024-04-30,shrub,,,,,,,,,,,,,,,,,,,,,,,,,1,,,,,,,,,,,1,6,8,,,,,,,19,,,,,,,,,,,,,,,,,,,,,,,,,,,,,,,
2024,21,Cuyama 2,2024-04-30,open,,,,,,,,,,,,,,,,,3,,,,,,,,,,,,,,,,,,,7,2,264,,,,,,,,,,,,,,,,,,,,,,,,,,,,,,,,,,,,,,
2024,22,Cuyama 2,2024-04-30,shrub,,,,,,,,,,,,,,,,,,,,,,,,,1,,,,,,,,,1,,,11,4,,,,,,,,,,,,,,,,,3,,,,,,,,,,,,,,,,,,,,,
2024,22,Cuyama 2,2024-04-30,open,,11,,,,,,,,,,,,,,,,,,,,,,,,,,,,,,,,,,10,,240,,,,,,,,,,,,,,,,,,,,,,,,,,,,,,,,,,,,,,
2024,23,Cuyama 2,2024-04-30,shrub,,,,,,,,,,,,,,,,,1,,,,,,,,1,,,,,,,,,8,,3,63,27,,,,,,,,,,,,,,,,,,,,,,,,,,,,,,,,,,,,,,
2024,23,Cuyama 2,2024-04-30,open,,,,,,,,,,,,,,,,,,,,,,,,,,,,,,,,,,12,,,,324,,7,,,,,,,,,,,,,,,,,,,,,,,,,,,,,,,,,,,,
2024,24,Cuyama 2,2024-04-30,shrub,,,,,,,,,,,,,,,,,,,,,,,,,1,,,,,,,,,1,,,70,1,,,,,,,,,,,,,,,,,8,,,,,3,,,,,,,,,,,,,,,,
2024,24,Cuyama 2,2024-04-30,open,,41,,,,,,,,,,,,,,,,,,,,,,,,,,,,,,,,,,2,,58,,,,,,,,,,,,,,,,,,,,,,,,,,,,,,,,,,,,,,
2024,25,Cuyama 2,2024-04-30,shrub,,,,,,,,,,,,,,,,2,2,,,,,,,,,,,,,,,,,2,,2,4,7,,,,,58,,,,,,,,,,,,,,,,,,,,,,,,,,,,,,,,,
2024,25,Cuyama 2,2024-04-30,open,,40,,,,,,,,,,,,,,,3,,,,,,,,,,,,,,,,,,,1,2,100,,14,,,,,,,,,,,,,,,,,,,,,,,,,,,,,,,,,,,,
2024,26,Cuyama 2,2024-04-30,shrub,,,,,,,,,,,,,,,,,1,,,,,,,,,,,,,,,,,,,,3,16,,,,,18,,,,,,,,,,,,7,,,,,,,,,,,,,,,,,,,,,
2024,26,Cuyama 2,2024-04-30,open,,,,,,,,,,,2,,,,,,2,,,,,,,,,,,,,,,,,,,15,,198,,22,,,,,,,,,,,,,,,,,,,,,,,,,,,,,,,,,,,,
2024,27,Cuyama 2,2024-04-30,shrub,,,,,,,,,,,,,,,,,,,,,,,,,,,,,,,,,,,,2,47,12,,,,,,,,,,,,,,,,,1,,,,,,,,,,,,,,,,,,,,,
2024,27,Cuyama 2,2024-04-30,open,,17,,,,,,,,,,,,,,,,,,,,,,,,,,,1,,,,,,,6,22,208,,,,,,,,,,,,,,,,,,,,,,,,,,,,,,,,,,,,,,
2024,28,Cuyama 2,2024-04-30,shrub,,,,,,,,,,,,,,,,,,,,,,,,,,,,,,,,,,1,,1,33,4,,,,,,,,,,,,,,,,,2,,,,,,,,,,,,,,,,,,,,,
2024,28,Cuyama 2,2024-04-30,open,,4,,,,,,,,,,,,,,,,,,,,,,,,,,,,,,,,6,,7,2,196,,,,,,,,,,,,,,,,,,,,,,,,,,,,,,,,,,,,,,
2024,29,Cuyama 2,2024-04-30,shrub,,,,,,,,,,,,,,,,,,,,,,,,,2,,,,,,,,,,,1,48,6,,,,,,,,,,,,,,,,,,,,,,1,,,,,,,,,,,,,,,,
2024,29,Cuyama 2,2024-04-30,open,,14,,,,,,,,,,,,,,,6,,,,,,1,,,,,,,,,4,,32,,1,30,33,,,,,,,,,,,,,,,,,,,,,,,,,,,,,,,,,,,,,,
2024,30,Cuyama 2,2024-04-30,shrub,,,,,,,,,,,,,,,,1,,,,,,,,,,,,,,,,,,,,,2,30,,,,,21,,,,,,,,,,,,9,,,,,,,,,,,,,,,,,,,,,
2024,30,Cuyama 2,2024-04-30,open,,15,,,,,,,,,,,,,,,,,,,,,,,,,,,,,,,,1,,17,,284,,,,,,,,,,,,,,,,,,,,,,,,,,,,,,,,,,,,,,
2024,31,Cuyama 2,2024-04-30,shrub,,,,,,,,,,,,,,,,,,,,,,,,,,,,,,,,,,1,,1,39,11,,,,,,,,,,,,,,,,,4,,,,,,,,,,,,,,,,,,,,,
2024,31,Cuyama 2,2024-04-30,open,,7,,,,,,,,,,,,,,,3,,,,,,,,,,,,,,,,,8,,5,,208,,,,,,,,,,,,,,,,,,,,,,,,,,,,,,,,,,,,,,
2024,32,Cuyama 2,2024-04-30,shrub,,,,,,,,,,,,,,,,,,,,,,,,,,,,,,,,,,1,,,,,,,,,,,4,,,,,,,,,,,,,,,,,,,,,,,,,,,,,,,
2024,32,Cuyama 2,2024-04-30,open,,,,,,,,,,,,,,,,,1,,,,,,5,,,,,,,,,,,6,,20,5,108,,,,,,,,,,,,,,,,,,,,,,,,,,,,,,,,,,,,,,
2024,33,Cuyama 2,2024-04-30,shrub,,,,,,,,,,,,,,,,,1,,,,,,,,,,,,,,,,,,,2,40,106,,13,,,,,,,,,,,,,,,7,,,,,,,,,,,,,,,,,,,,,
2024,33,Cuyama 2,2024-04-30,open,,,,,,,,,,,,,,,,,3,,,,,,,,,,,,,,,5,,,,8,1,148,,,,,,,,,,,,,,,,,,,,,,,,,,,,,,,,,,,,,,
2024,34,Cuyama 2,2024-04-30,shrub,,,,,,,,,,,,,,,,,,,,,,,,,,,,,,,,,,,,2,61,6,,,,,,,,,,,,,,,,,4,,,,,,,,,,,,,,,,,,,,,
2024,34,Cuyama 2,2024-04-30,open,,,,,,,,,,,,,,,,,1,,,,,,,,,,,,,,,,,,,13,3,204,,4,,,,,,,,,,,,,,,,,,1,,,,,,,,,,,,,,,,,,
2024,36,Cuyama 2,2024-04-30,shrub,,,,,,,,,,,,,,,,,,,,,,,,,,,,,,,,,,,,,25,7,,,,,,,,,,,,,,,,,,,,,,,,,,,,,,,,,,,,,,
2024,36,Cuyama 2,2024-04-30,open,,,,,,,,,,,,,,,,,1,,,,,,,,,,,,,,,1,,,,,,236,,19,,,,,,,,,,,,,,,,,,,,,,,,,,,,,,,,,,,,
2024,35,Cuyama 2,2024-04-30,shrub,,,,,,,,,,,,,,,,,,,,,,,,,,,,,,,,,,,,5,55,16,,,,,,,1,,,,,,,,,,,,,,,,,,,,,,,,,,,,,,,
2024,35,Cuyama 2,2024-04-30,open,,,,,,,,,,,,,,,,,5,,,,,,,,,,,,,,,,,,,7,,292,,10,,,,,,,,,,,,,,,,,,,,,,,,,,,,,,,,,,,,
2024,37,Cuyama 2,2024-04-30,shrub,,,,,,,,,,,,,,,,,,,,,,,,,,,,,,,,,,,,1,36,54,,,,,,,,,,,,,,,,,1,,,,,,,,,,,,,,,,,,,,,
2024,37,Cuyama 2,2024-04-30,open,,9,,,,,,,,,,,,,,,6,,,,,,,,,,,,,,,11,,33,,,2,172,,,,,,,,,,,,,,,,,,,,,,,,,,,,,,,,,,,,,,
2024,38,Cuyama 2,2024-04-30,shrub,,,,,,,,,,,,,,,,,,,,,,,,,,,,,,,,,,,,1,68,4,,,,,,,,,,,,,,,,,,,,,,,,,,,,,,,,,,,,,,
2024,38,Cuyama 2,2024-04-30,open,,20,,,,,,,,5,,,,,,,5,,,,,,,,,,,,,,,,,,,3,2,93,,,,,,,,,,,,,,,,,,,,,,,,,,,,,,,,,,,,,,
2024,39,Cuyama 2,2024-04-30,shrub,,,,,,,,,,,,,,,,,,,,,,,,,,,,,,,,,,,,,56,7,,,,,,,,,,,,,,,,,,,,,,,,,,,,,,,,,,,,,,
2024,39,Cuyama 2,2024-04-30,open,,,,,,,,,,,,,,,,,7,,,,,,,,,,,,,,,,,,,5,,148,,,,,,,,,,,,,,,,,,,,,,,,,,,,,,,,,,,,,,
2024,40,Cuyama 2,2024-04-30,shrub,,,,,,,,,,,,,,,,,2,,,,,,,,,,,,,,,,,,,,70,26,,,,,,,,,,,,,,,,,,,,,,,,,,,,,,,,,,,,,,
2024,40,Cuyama 2,2024-04-30,open,,,,,,,,,,,,,,,,,14,,,,,,,,,,,,,,,,,,,2,,164,,,,,,,,,,,,,,,,,,,,,,,,,,,,,,,,,,,,,,
